District,District Number,TEA District Type,TEA Description,NCES District Type,NCES Description,Charter School (Y/N),2018-19 District Enrollment,Campuses would Qualify as Rural for Teacher Incentive Allotment Purposes Based on TEA Definition (Yes/No),"Campuses would Qualify as Rural for Teacher Incentive Allotment Purposes Based on NCES Definition and Enrollment <5,000 (Yes/No)"
A W BROWN LEADERSHIP ACADEMY,57816,I,Charter School Districts,11.0,City-Large,Y,2084,No,No
A+ ACADEMY,57829,I,Charter School Districts,11.0,City-Large,Y,1409,No,No
A+ UNLIMITED POTENTIAL,101871,I,Charter School Districts,11.0,City-Large,Y,180,No,No
ABBOTT ISD,109901,H,Rural,42.0,Rural-Distant,N,277,Yes,Yes
ABERNATHY ISD,95901,H,Rural,31.0,Town-Fringe,N,780,Yes,No
ABILENE ISD,221901,C,Other Central City,12.0,City-Midsize,N,16645,No,No
ACADEMY FOR ACADEMIC EXCELLENCE,57814,I,Charter School Districts,11.0,City-Large,Y,505,No,No
ACADEMY ISD,14901,F,Non-metropolitan Fast Growing,41.0,Rural-Fringe,N,1652,No,Yes
ACADEMY OF ACCELERATED LEARNING IN,101810,I,Charter School Districts,11.0,City-Large,Y,742,No,No
ACADEMY OF DALLAS,57810,I,Charter School Districts,11.0,City-Large,Y,487,No,No
ACCELERATED INTERMEDIATE ACADEMY,101849,I,Charter School Districts,11.0,City-Large,Y,248,No,No
ADRIAN ISD,180903,H,Rural,43.0,Rural-Remote,N,117,Yes,Yes
ADVANTAGE ACADEMY,57806,I,Charter School Districts,21.0,Suburb-Large,Y,1689,No,No
AGUA DULCE ISD,178901,H,Rural,42.0,Rural-Distant,N,346,Yes,Yes
ALAMO HEIGHTS ISD,15901,B,Major Suburban,11.0,City-Large,N,4864,No,No
ALBA-GOLDEN ISD,250906,H,Rural,42.0,Rural-Distant,N,900,Yes,Yes
ALBANY ISD,209901,H,Rural,43.0,Rural-Remote,N,495,Yes,Yes
ALDINE ISD,101902,B,Major Suburban,21.0,Suburb-Large,N,66854,No,No
ALEDO ISD,184907,B,Major Suburban,31.0,Town-Fringe,N,6129,No,No
ALICE ISD,125901,E,Independent Town,32.0,Town-Distant,N,4940,No,No
ALIEF ISD,101903,B,Major Suburban,11.0,City-Large,N,45436,No,No
ALIEF MONTESSORI COMMUNITY SCHOOL,101815,I,Charter School Districts,11.0,City-Large,Y,305,No,No
ALLEN ISD,43901,D,Other Central City Suburban,21.0,Suburb-Large,N,21557,No,No
ALPINE ISD,22901,G,Non-metropolitan Stable,33.0,Town-Remote,N,1014,No,No
ALTO ISD,37901,H,Rural,42.0,Rural-Distant,N,664,Yes,Yes
ALVARADO ISD,126901,D,Other Central City Suburban,41.0,Rural-Fringe,N,3635,No,Yes
ALVIN ISD,20901,B,Major Suburban,21.0,Suburb-Large,N,25945,No,No
ALVORD ISD,249901,H,Rural,42.0,Rural-Distant,N,727,Yes,Yes
AMARILLO ISD,188901,C,Other Central City,12.0,City-Midsize,N,32829,No,No
AMBASSADORS PREPARATORY ACADEMY,84804,I,Charter School Districts,31.0,Town-Fringe,Y,323,No,No
AMHERST ISD,140901,H,Rural,42.0,Rural-Distant,N,142,Yes,Yes
AMIGOS POR VIDA-FRIENDS FOR LIFE P,101819,I,Charter School Districts,11.0,City-Large,Y,494,No,No
ANAHUAC ISD,36901,D,Other Central City Suburban,42.0,Rural-Distant,N,1325,No,Yes
ANDERSON-SHIRO CISD,93901,E,Independent Town,42.0,Rural-Distant,N,879,No,Yes
ANDREWS ISD,2901,D,Other Central City Suburban,32.0,Town-Distant,N,4319,No,No
ANGLETON ISD,20902,D,Other Central City Suburban,41.0,Rural-Fringe,N,6767,No,No
ANNA ISD,43902,F,Non-metropolitan Fast Growing,31.0,Town-Fringe,N,3597,No,No
ANSON ISD,127901,H,Rural,42.0,Rural-Distant,N,749,Yes,Yes
ANTHONY ISD,71906,H,Rural,21.0,Suburb-Large,N,843,Yes,No
ANTON ISD,110901,H,Rural,42.0,Rural-Distant,N,199,Yes,Yes
APPLE SPRINGS ISD,228905,H,Rural,42.0,Rural-Distant,N,202,Yes,Yes
AQUILLA ISD,109912,H,Rural,42.0,Rural-Distant,N,335,Yes,Yes
ARANSAS COUNTY ISD,4901,E,Independent Town,32.0,Town-Distant,N,2829,No,No
ARANSAS PASS ISD,205901,D,Other Central City Suburban,31.0,Town-Fringe,N,1556,No,No
ARCHER CITY ISD,5901,H,Rural,42.0,Rural-Distant,N,505,Yes,Yes
ARGYLE ISD,61910,D,Other Central City Suburban,41.0,Rural-Fringe,N,3061,No,Yes
ARISTOI CLASSICAL ACADEMY,101803,I,Charter School Districts,21.0,Suburb-Large,Y,911,No,No
ARLINGTON CLASSICS ACADEMY,220802,I,Charter School Districts,11.0,City-Large,Y,1550,No,No
ARLINGTON ISD,220901,A,Major Urban,11.0,City-Large,N,59900,No,No
ARP ISD,212901,G,Non-metropolitan Stable,42.0,Rural-Distant,N,869,No,Yes
ARROW ACADEMY,21805,I,Charter School Districts,11.0,City-Large,Y,706,No,No
ASPERMONT ISD,217901,H,Rural,43.0,Rural-Remote,N,224,Yes,Yes
ATHENS ISD,107901,E,Independent Town,32.0,Town-Distant,N,3011,No,No
ATLANTA ISD,34901,E,Independent Town,32.0,Town-Distant,N,1725,No,No
AUBREY ISD,61907,D,Other Central City Suburban,41.0,Rural-Fringe,N,2442,No,Yes
AUSTIN ACHIEVE PUBLIC SCHOOLS,227825,I,Charter School Districts,11.0,City-Large,Y,1556,No,No
AUSTIN DISCOVERY SCHOOL,227821,I,Charter School Districts,11.0,City-Large,Y,508,No,No
AUSTIN ISD,227901,A,Major Urban,11.0,City-Large,N,80032,No,No
AUSTWELL-TIVOLI ISD,196901,H,Rural,42.0,Rural-Distant,N,140,Yes,Yes
AVALON ISD,70901,F,Non-metropolitan Fast Growing,42.0,Rural-Distant,N,362,No,Yes
AVERY ISD,194902,H,Rural,43.0,Rural-Remote,N,340,Yes,Yes
AVINGER ISD,34902,H,Rural,42.0,Rural-Distant,N,153,Yes,Yes
AXTELL ISD,161918,H,Rural,42.0,Rural-Distant,N,825,Yes,Yes
AZLE ISD,220915,B,Major Suburban,21.0,Suburb-Large,N,6578,No,No
BAIRD ISD,30903,H,Rural,42.0,Rural-Distant,N,283,Yes,Yes
BALLINGER ISD,200901,G,Non-metropolitan Stable,41.0,Rural-Fringe,N,906,No,Yes
BALMORHEA ISD,195902,H,Rural,43.0,Rural-Remote,N,186,Yes,Yes
BANDERA ISD,10902,B,Major Suburban,42.0,Rural-Distant,N,2234,No,Yes
BANGS ISD,25901,G,Non-metropolitan Stable,42.0,Rural-Distant,N,902,No,Yes
BANQUETE ISD,178913,G,Non-metropolitan Stable,42.0,Rural-Distant,N,876,No,Yes
BARBERS HILL ISD,36902,D,Other Central City Suburban,41.0,Rural-Fringe,N,5732,No,No
BARTLETT ISD,14902,H,Rural,32.0,Town-Distant,N,343,Yes,No
BASIS TEXAS,15834,I,Charter School Districts,11.0,City-Large,Y,2597,No,No
BASTROP ISD,11901,E,Independent Town,42.0,Rural-Distant,N,11081,No,No
BAY CITY ISD,158901,E,Independent Town,32.0,Town-Distant,N,3670,No,No
BEATRICE MAYES INSTITUTE CHARTER S,101847,I,Charter School Districts,11.0,City-Large,Y,462,No,No
BEAUMONT ISD,123910,C,Other Central City,12.0,City-Midsize,N,18470,No,No
BECKVILLE ISD,183901,H,Rural,42.0,Rural-Distant,N,700,Yes,Yes
BEEVILLE ISD,13901,E,Independent Town,32.0,Town-Distant,N,3330,No,No
BELLEVUE ISD,39904,H,Rural,42.0,Rural-Distant,N,130,Yes,Yes
BELLS ISD,91901,H,Rural,42.0,Rural-Distant,N,895,Yes,Yes
BELLVILLE ISD,8901,E,Independent Town,32.0,Town-Distant,N,2238,No,No
BELTON ISD,14903,D,Other Central City Suburban,23.0,Suburb-Small,N,11885,No,No
BEN BOLT-PALITO BLANCO ISD,125902,H,Rural,42.0,Rural-Distant,N,515,Yes,Yes
BENAVIDES ISD,66901,H,Rural,43.0,Rural-Remote,N,319,Yes,Yes
BENJAMIN ISD,138904,H,Rural,43.0,Rural-Remote,N,118,Yes,Yes
BETA ACADEMY,101870,I,Charter School Districts,11.0,City-Large,Y,655,No,No
BEXAR COUNTY ACADEMY,15809,I,Charter School Districts,11.0,City-Large,Y,349,No,No
BIG SANDY ISD,187901,H,Rural,43.0,Rural-Remote,N,513,Yes,Yes
BIG SANDY ISD,230901,H,Rural,42.0,Rural-Distant,N,708,Yes,Yes
BIG SPRING ISD,114901,E,Independent Town,32.0,Town-Distant,N,4035,No,No
BIG SPRINGS CHARTER SCHOOL,193801,I,Charter School Districts,43.0,Rural-Remote,Y,227,No,Yes
BIRDVILLE ISD,220902,B,Major Suburban,21.0,Suburb-Large,N,23614,No,No
BISHOP CISD,178902,G,Non-metropolitan Stable,32.0,Town-Distant,N,1524,No,No
BLACKWELL CISD,177903,H,Rural,43.0,Rural-Remote,N,152,Yes,Yes
BLANCO ISD,16902,G,Non-metropolitan Stable,42.0,Rural-Distant,N,1011,No,Yes
BLAND ISD,116915,H,Rural,42.0,Rural-Distant,N,721,Yes,Yes
BLANKET ISD,25904,H,Rural,42.0,Rural-Distant,N,167,Yes,Yes
BLOOMBURG ISD,34909,H,Rural,42.0,Rural-Distant,N,272,Yes,Yes
BLOOMING GROVE ISD,175902,D,Other Central City Suburban,42.0,Rural-Distant,N,930,No,Yes
BLOOMINGTON ISD,235901,H,Rural,42.0,Rural-Distant,N,890,Yes,Yes
BLUE RIDGE ISD,43917,F,Non-metropolitan Fast Growing,42.0,Rural-Distant,N,852,No,Yes
BLUFF DALE ISD,72904,H,Rural,43.0,Rural-Remote,N,237,Yes,Yes
BLUM ISD,109913,H,Rural,42.0,Rural-Distant,N,363,Yes,Yes
BOB HOPE SCHOOL,123807,I,Charter School Districts,13.0,City-Small,Y,1451,No,No
BOERNE ISD,130901,B,Major Suburban,41.0,Rural-Fringe,N,9170,No,No
BOLES ISD,116916,H,Rural,41.0,Rural-Fringe,N,547,Yes,Yes
BOLING ISD,241901,D,Other Central City Suburban,42.0,Rural-Distant,N,1161,No,Yes
BONHAM ISD,74903,E,Independent Town,32.0,Town-Distant,N,1887,No,No
BOOKER ISD,148901,H,Rural,43.0,Rural-Remote,N,396,Yes,Yes
BORDEN COUNTY ISD,17901,H,Rural,43.0,Rural-Remote,N,214,Yes,Yes
BORGER ISD,117901,G,Non-metropolitan Stable,32.0,Town-Distant,N,2694,No,No
BOSQUEVILLE ISD,161923,H,Rural,41.0,Rural-Fringe,N,699,Yes,Yes
BOVINA ISD,185901,H,Rural,43.0,Rural-Remote,N,500,Yes,Yes
BOWIE ISD,169901,G,Non-metropolitan Stable,33.0,Town-Remote,N,1716,No,No
BOYD ISD,249902,G,Non-metropolitan Stable,42.0,Rural-Distant,N,1341,No,Yes
BOYS RANCH ISD,180901,H,Rural,43.0,Rural-Remote,N,309,Yes,Yes
BRACKETT ISD,136901,H,Rural,33.0,Town-Remote,N,560,Yes,No
BRADY ISD,160901,G,Non-metropolitan Stable,41.0,Rural-Fringe,N,1146,No,Yes
BRAZOS ISD,8903,H,Rural,42.0,Rural-Distant,N,827,Yes,Yes
BRAZOS RIVER CHARTER SCHOOL,213801,I,Charter School Districts,42.0,Rural-Distant,Y,238,No,Yes
BRAZOS SCHOOL FOR INQUIRY & CREATI,21803,I,Charter School Districts,11.0,City-Large,Y,411,No,No
BRAZOSPORT ISD,20905,C,Other Central City,23.0,Suburb-Small,N,12417,No,No
BRECKENRIDGE ISD,215901,G,Non-metropolitan Stable,33.0,Town-Remote,N,1481,No,No
BREMOND ISD,198901,H,Rural,43.0,Rural-Remote,N,487,Yes,Yes
BRENHAM ISD,239901,E,Independent Town,32.0,Town-Distant,N,5062,No,No
BRIDGE CITY ISD,181901,G,Non-metropolitan Stable,41.0,Rural-Fringe,N,3057,No,Yes
BRIDGEPORT ISD,249903,G,Non-metropolitan Stable,41.0,Rural-Fringe,N,2078,No,Yes
BRIDGEWAY PREPARATORY ACADEMY,57851,,,,,Y,23,No,No
BROADDUS ISD,203902,H,Rural,43.0,Rural-Remote,N,396,Yes,Yes
BROCK ISD,184909,D,Other Central City Suburban,42.0,Rural-Distant,N,1510,No,Yes
BRONTE ISD,41901,H,Rural,43.0,Rural-Remote,N,243,Yes,Yes
BROOKELAND ISD,121902,H,Rural,43.0,Rural-Remote,N,394,Yes,Yes
BROOKESMITH ISD,25908,H,Rural,43.0,Rural-Remote,N,165,Yes,Yes
BROOKS ACADEMY OF SCIENCE AND ENGI,15830,I,Charter School Districts,11.0,City-Large,Y,3322,No,No
BROOKS COUNTY ISD,24901,D,Other Central City Suburban,33.0,Town-Remote,N,1568,No,No
BROWNFIELD ISD,223901,G,Non-metropolitan Stable,32.0,Town-Distant,N,1730,No,No
BROWNSBORO ISD,107902,D,Other Central City Suburban,42.0,Rural-Distant,N,2734,No,Yes
BROWNSVILLE ISD,31901,C,Other Central City,12.0,City-Midsize,N,44402,No,No
BROWNWOOD ISD,25902,E,Independent Town,33.0,Town-Remote,N,3655,No,No
BRUCEVILLE-EDDY ISD,161919,H,Rural,42.0,Rural-Distant,N,645,Yes,Yes
BRYAN ISD,21902,C,Other Central City,13.0,City-Small,N,15938,No,No
BRYSON ISD,119901,H,Rural,43.0,Rural-Remote,N,253,Yes,Yes
BUCKHOLTS ISD,166907,H,Rural,42.0,Rural-Distant,N,133,Yes,Yes
BUENA VISTA ISD,186901,H,Rural,43.0,Rural-Remote,N,255,Yes,Yes
BUFFALO ISD,145901,G,Non-metropolitan Stable,43.0,Rural-Remote,N,945,No,Yes
BULLARD ISD,212902,D,Other Central City Suburban,41.0,Rural-Fringe,N,2587,No,Yes
BUNA ISD,121903,G,Non-metropolitan Stable,42.0,Rural-Distant,N,1495,No,Yes
BURKBURNETT ISD,243901,D,Other Central City Suburban,31.0,Town-Fringe,N,3227,No,No
BURKEVILLE ISD,176901,H,Rural,43.0,Rural-Remote,N,276,Yes,Yes
BURLESON ISD,126902,C,Other Central City,21.0,Suburb-Large,N,12447,No,No
BURNET CISD,27903,D,Other Central City Suburban,41.0,Rural-Fringe,N,3201,No,Yes
BURNHAM WOOD CHARTER SCHOOL DISTRI,71801,I,Charter School Districts,11.0,City-Large,Y,850,No,No
BURTON ISD,239903,F,Non-metropolitan Fast Growing,42.0,Rural-Distant,N,437,No,Yes
BUSHLAND ISD,188904,D,Other Central City Suburban,41.0,Rural-Fringe,N,1427,No,Yes
BYNUM ISD,109902,H,Rural,42.0,Rural-Distant,N,207,Yes,Yes
CADDO MILLS ISD,116901,G,Non-metropolitan Stable,42.0,Rural-Distant,N,1841,No,Yes
CALALLEN ISD,178903,G,Non-metropolitan Stable,11.0,City-Large,N,4051,No,No
CALDWELL ISD,26901,D,Other Central City Suburban,41.0,Rural-Fringe,N,1762,No,Yes
CALHOUN COUNTY ISD,29901,G,Non-metropolitan Stable,32.0,Town-Distant,N,3846,No,No
CALLISBURG ISD,49905,G,Non-metropolitan Stable,42.0,Rural-Distant,N,1152,No,Yes
CALVERT ISD,198902,H,Rural,42.0,Rural-Distant,N,166,Yes,Yes
CALVIN NELMS CHARTER SCHOOLS,101837,I,Charter School Districts,21.0,Suburb-Large,Y,322,No,No
CAMERON ISD,166901,E,Independent Town,41.0,Rural-Fringe,N,1783,No,Yes
CAMPBELL ISD,116910,H,Rural,42.0,Rural-Distant,N,304,Yes,Yes
CANADIAN ISD,106901,G,Non-metropolitan Stable,33.0,Town-Remote,N,906,No,No
CANTON ISD,234902,E,Independent Town,32.0,Town-Distant,N,2176,No,No
CANUTILLO ISD,71907,B,Major Suburban,11.0,City-Large,N,6246,No,No
CANYON ISD,191901,C,Other Central City,12.0,City-Midsize,N,10166,No,No
CARLISLE ISD,201913,H,Rural,42.0,Rural-Distant,N,618,Yes,Yes
CARPE DIEM SCHOOLS,15837,I,Charter School Districts,11.0,City-Large,Y,.,No,No
CARRIZO SPRINGS CISD,64903,D,Other Central City Suburban,33.0,Town-Remote,N,2219,No,No
CARROLL ISD,220919,B,Major Suburban,21.0,Suburb-Large,N,8366,No,No
CARROLLTON-FARMERS BRANCH ISD,57903,B,Major Suburban,21.0,Suburb-Large,N,25598,No,No
CARTHAGE ISD,183902,G,Non-metropolitan Stable,32.0,Town-Distant,N,2708,No,No
CASTLEBERRY ISD,220917,B,Major Suburban,21.0,Suburb-Large,N,3783,No,No
CAYUGA ISD,1902,H,Rural,43.0,Rural-Remote,N,564,Yes,Yes
CEDAR HILL ISD,57904,B,Major Suburban,21.0,Suburb-Large,N,7790,No,No
CEDARS INTERNATIONAL ACADEMY,227817,I,Charter School Districts,11.0,City-Large,Y,548,No,No
CELESTE ISD,116902,H,Rural,42.0,Rural-Distant,N,507,Yes,Yes
CELINA ISD,43903,F,Non-metropolitan Fast Growing,41.0,Rural-Fringe,N,2722,No,Yes
CENTER ISD,210901,G,Non-metropolitan Stable,33.0,Town-Remote,N,2629,No,No
CENTER POINT ISD,133901,H,Rural,42.0,Rural-Distant,N,569,Yes,Yes
CENTERVILLE ISD,145902,H,Rural,43.0,Rural-Remote,N,656,Yes,Yes
CENTERVILLE ISD,228904,H,Rural,43.0,Rural-Remote,N,135,Yes,Yes
CENTRAL HEIGHTS ISD,174908,G,Non-metropolitan Stable,41.0,Rural-Fringe,N,1181,No,Yes
CENTRAL ISD,3907,G,Non-metropolitan Stable,41.0,Rural-Fringe,N,1465,No,Yes
CHANNELVIEW ISD,101905,B,Major Suburban,21.0,Suburb-Large,N,9593,No,No
CHANNING ISD,103901,H,Rural,43.0,Rural-Remote,N,182,Yes,Yes
CHAPARRAL STAR ACADEMY,227814,I,Charter School Districts,21.0,Suburb-Large,Y,388,No,No
CHAPEL HILL ACADEMY,220815,I,Charter School Districts,11.0,City-Large,Y,647,No,No
CHAPEL HILL ISD,212909,D,Other Central City Suburban,41.0,Rural-Fringe,N,3536,No,Yes
CHAPEL HILL ISD,225906,G,Non-metropolitan Stable,42.0,Rural-Distant,N,1036,No,Yes
CHARLOTTE ISD,7901,H,Rural,42.0,Rural-Distant,N,471,Yes,Yes
CHEROKEE ISD,206903,H,Rural,43.0,Rural-Remote,N,114,Yes,Yes
CHESTER ISD,229906,H,Rural,43.0,Rural-Remote,N,195,Yes,Yes
CHICO ISD,249904,H,Rural,42.0,Rural-Distant,N,603,Yes,Yes
CHILDRESS ISD,38901,G,Non-metropolitan Stable,33.0,Town-Remote,N,1096,No,No
CHILLICOTHE ISD,99902,H,Rural,43.0,Rural-Remote,N,200,Yes,Yes
CHILTON ISD,73901,H,Rural,42.0,Rural-Distant,N,528,Yes,Yes
CHINA SPRING ISD,161920,D,Other Central City Suburban,41.0,Rural-Fringe,N,2809,No,Yes
CHIRENO ISD,174901,H,Rural,43.0,Rural-Remote,N,396,Yes,Yes
CHISUM ISD,139905,G,Non-metropolitan Stable,41.0,Rural-Fringe,N,944,No,Yes
CHRISTOVAL ISD,226901,H,Rural,42.0,Rural-Distant,N,550,Yes,Yes
CISCO ISD,67902,H,Rural,33.0,Town-Remote,N,866,Yes,No
CITY VIEW ISD,243906,D,Other Central City Suburban,12.0,City-Midsize,N,1064,No,No
CITYSCAPE SCHOOLS,57841,I,Charter School Districts,11.0,City-Large,Y,878,No,No
CLARENDON ISD,65901,H,Rural,43.0,Rural-Remote,N,462,Yes,Yes
CLARKSVILLE ISD,194904,H,Rural,33.0,Town-Remote,N,534,Yes,No
CLAUDE ISD,6902,H,Rural,42.0,Rural-Distant,N,359,Yes,Yes
CLEAR CREEK ISD,84910,B,Major Suburban,21.0,Suburb-Large,N,42205,No,No
CLEBURNE ISD,126903,D,Other Central City Suburban,41.0,Rural-Fringe,N,6684,No,No
CLEVELAND ISD,146901,D,Other Central City Suburban,31.0,Town-Fringe,N,6584,No,No
CLIFTON ISD,18901,G,Non-metropolitan Stable,32.0,Town-Distant,N,1002,No,No
CLINT ISD,71901,B,Major Suburban,21.0,Suburb-Large,N,11388,No,No
CLYDE CISD,30902,D,Other Central City Suburban,32.0,Town-Distant,N,1455,No,No
COAHOMA ISD,114902,G,Non-metropolitan Stable,42.0,Rural-Distant,N,1111,No,Yes
COLDSPRING-OAKHURST CISD,204901,E,Independent Town,42.0,Rural-Distant,N,1567,No,Yes
COLEMAN ISD,42901,H,Rural,33.0,Town-Remote,N,869,Yes,No
COLLEGE STATION ISD,21901,C,Other Central City,12.0,City-Midsize,N,13540,No,No
COLLINSVILLE ISD,91902,H,Rural,42.0,Rural-Distant,N,528,Yes,Yes
COLMESNEIL ISD,229901,H,Rural,42.0,Rural-Distant,N,484,Yes,Yes
COLORADO ISD,168901,G,Non-metropolitan Stable,41.0,Rural-Fringe,N,947,No,Yes
COLUMBIA-BRAZORIA ISD,20907,D,Other Central City Suburban,32.0,Town-Distant,N,3037,No,No
COLUMBUS ISD,45902,G,Non-metropolitan Stable,33.0,Town-Remote,N,1544,No,No
COMAL ISD,46902,B,Major Suburban,41.0,Rural-Fringe,N,23935,No,No
COMANCHE ISD,47901,G,Non-metropolitan Stable,41.0,Rural-Fringe,N,1314,No,Yes
COMFORT ISD,130902,E,Independent Town,32.0,Town-Distant,N,1102,No,No
COMMERCE ISD,116903,G,Non-metropolitan Stable,41.0,Rural-Fringe,N,1520,No,Yes
COMMUNITY ISD,43918,F,Non-metropolitan Fast Growing,41.0,Rural-Fringe,N,2385,No,Yes
COMO-PICKTON CISD,112908,H,Rural,42.0,Rural-Distant,N,742,Yes,Yes
COMPASS ACADEMY CHARTER SCHOOL,68802,I,Charter School Districts,12.0,City-Midsize,Y,1116,No,No
COMPASS ROSE ACADEMY,15838,I,Charter School Districts,11.0,City-Large,Y,193,No,No
COMQUEST ACADEMY,101842,I,Charter School Districts,21.0,Suburb-Large,Y,62,No,No
COMSTOCK ISD,233903,H,Rural,43.0,Rural-Remote,N,199,Yes,Yes
CONNALLY ISD,161921,D,Other Central City Suburban,22.0,Suburb-Midsize,N,2364,No,No
CONROE ISD,170902,C,Other Central City,13.0,City-Small,N,62837,No,No
COOLIDGE ISD,147901,H,Rural,42.0,Rural-Distant,N,309,Yes,Yes
COOPER ISD,60902,H,Rural,43.0,Rural-Remote,N,812,Yes,Yes
COPPELL ISD,57922,B,Major Suburban,21.0,Suburb-Large,N,12925,No,No
COPPERAS COVE ISD,50910,D,Other Central City Suburban,22.0,Suburb-Midsize,N,8271,No,No
CORPUS CHRISTI ISD,178904,C,Other Central City,11.0,City-Large,N,37318,No,No
CORPUS CHRISTI MONTESSORI SCHOOL,178807,I,Charter School Districts,11.0,City-Large,Y,135,No,No
CORRIGAN-CAMDEN ISD,187904,H,Rural,43.0,Rural-Remote,N,822,Yes,Yes
CORSICANA ISD,175903,D,Other Central City Suburban,32.0,Town-Distant,N,6004,No,No
COTTON CENTER ISD,95902,H,Rural,42.0,Rural-Distant,N,125,Yes,Yes
COTULLA ISD,142901,D,Other Central City Suburban,33.0,Town-Remote,N,1347,No,No
COUPLAND ISD,246914,H,Rural,42.0,Rural-Distant,N,169,Yes,Yes
COVINGTON ISD,109903,H,Rural,42.0,Rural-Distant,N,295,Yes,Yes
CRANDALL ISD,129901,B,Major Suburban,41.0,Rural-Fringe,N,4420,No,Yes
CRANE ISD,52901,D,Other Central City Suburban,32.0,Town-Distant,N,1151,No,No
CRANFILLS GAP ISD,18908,H,Rural,43.0,Rural-Remote,N,133,Yes,Yes
CRAWFORD ISD,161901,H,Rural,42.0,Rural-Distant,N,585,Yes,Yes
CROCKETT COUNTY CONSOLIDATED CSD,53001,H,Rural,33.0,Town-Remote,N,777,Yes,No
CROCKETT ISD,113901,G,Non-metropolitan Stable,33.0,Town-Remote,N,1345,No,No
CROSBY ISD,101906,B,Major Suburban,41.0,Rural-Fringe,N,6331,No,No
CROSBYTON CISD,54901,H,Rural,43.0,Rural-Remote,N,367,Yes,Yes
CROSS PLAINS ISD,30901,H,Rural,43.0,Rural-Remote,N,340,Yes,Yes
CROSS ROADS ISD,107904,H,Rural,42.0,Rural-Distant,N,558,Yes,Yes
CROSSTIMBERS ACADEMY,184801,I,Charter School Districts,41.0,Rural-Fringe,Y,151,No,Yes
CROWELL ISD,78901,H,Rural,43.0,Rural-Remote,N,209,Yes,Yes
CROWLEY ISD,220912,B,Major Suburban,11.0,City-Large,N,15728,No,No
CRYSTAL CITY ISD,254901,G,Non-metropolitan Stable,33.0,Town-Remote,N,1936,No,No
CUERO ISD,62901,G,Non-metropolitan Stable,32.0,Town-Distant,N,1989,No,No
CULBERSON COUNTY-ALLAMOORE ISD,55901,H,Rural,43.0,Rural-Remote,N,378,Yes,Yes
CUMBERLAND ACADEMY,212801,I,Charter School Districts,12.0,City-Midsize,Y,1949,No,No
CUMBY ISD,112905,H,Rural,42.0,Rural-Distant,N,386,Yes,Yes
CUSHING ISD,174902,H,Rural,43.0,Rural-Remote,N,557,Yes,Yes
CYPRESS-FAIRBANKS ISD,101907,B,Major Suburban,21.0,Suburb-Large,N,116512,No,No
D'HANIS ISD,163902,H,Rural,42.0,Rural-Distant,N,368,Yes,Yes
DAINGERFIELD-LONE STAR ISD,172902,G,Non-metropolitan Stable,32.0,Town-Distant,N,1037,No,No
DALHART ISD,56901,G,Non-metropolitan Stable,41.0,Rural-Fringe,N,1737,No,Yes
DALLAS ISD,57905,A,Major Urban,11.0,City-Large,N,155119,No,No
DAMON ISD,20910,H,Rural,42.0,Rural-Distant,N,156,Yes,Yes
DANBURY ISD,20904,H,Rural,41.0,Rural-Fringe,N,801,Yes,Yes
DARROUZETT ISD,148905,H,Rural,43.0,Rural-Remote,N,118,Yes,Yes
DAWSON ISD,58902,H,Rural,43.0,Rural-Remote,N,108,Yes,Yes
DAWSON ISD,175904,H,Rural,43.0,Rural-Remote,N,512,Yes,Yes
DAYTON ISD,146902,E,Independent Town,32.0,Town-Distant,N,5418,No,No
DE LEON ISD,47902,H,Rural,43.0,Rural-Remote,N,741,Yes,Yes
DECATUR ISD,249905,E,Independent Town,32.0,Town-Distant,N,3413,No,No
DEER PARK ISD,101908,B,Major Suburban,21.0,Suburb-Large,N,12937,No,No
DEKALB ISD,19901,H,Rural,42.0,Rural-Distant,N,800,Yes,Yes
DEL VALLE ISD,227910,B,Major Suburban,41.0,Rural-Fringe,N,10870,No,No
DELL CITY ISD,115903,H,Rural,43.0,Rural-Remote,N,72,Yes,Yes
DENISON ISD,91903,D,Other Central City Suburban,13.0,City-Small,N,4724,No,No
DENTON ISD,61901,C,Other Central City,12.0,City-Midsize,N,30169,No,No
DENVER CITY ISD,251901,G,Non-metropolitan Stable,33.0,Town-Remote,N,1703,No,No
DESOTO ISD,57906,B,Major Suburban,21.0,Suburb-Large,N,9404,No,No
DETROIT ISD,194905,H,Rural,43.0,Rural-Remote,N,542,Yes,Yes
DEVERS ISD,146903,H,Rural,42.0,Rural-Distant,N,176,Yes,Yes
DEVINE ISD,163901,E,Independent Town,41.0,Rural-Fringe,N,1985,No,Yes
DEW ISD,81906,H,Rural,42.0,Rural-Distant,N,155,Yes,Yes
DEWEYVILLE ISD,176903,H,Rural,42.0,Rural-Distant,N,579,Yes,Yes
DIBOLL ISD,3905,G,Non-metropolitan Stable,33.0,Town-Remote,N,1880,No,No
DICKINSON ISD,84901,C,Other Central City,22.0,Suburb-Midsize,N,11162,No,No
DILLEY ISD,82902,G,Non-metropolitan Stable,33.0,Town-Remote,N,995,No,No
DIME BOX ISD,144903,H,Rural,43.0,Rural-Remote,N,153,Yes,Yes
DIMMITT ISD,35901,D,Other Central City Suburban,33.0,Town-Remote,N,1231,No,No
DIVIDE ISD,133905,H,Rural,43.0,Rural-Remote,N,21,Yes,Yes
DODD CITY ISD,74904,H,Rural,42.0,Rural-Distant,N,384,Yes,Yes
DONNA ISD,108902,D,Other Central City Suburban,21.0,Suburb-Large,N,14459,No,No
DOSS CONSOLIDATED CSD,86024,H,Rural,43.0,Rural-Remote,N,20,Yes,Yes
DOUGLASS ISD,174911,F,Non-metropolitan Fast Growing,43.0,Rural-Remote,N,466,No,Yes
DR M L GARZA-GONZALEZ CHARTER SCHO,178801,I,Charter School Districts,11.0,City-Large,Y,210,No,No
DRAW ACADEMY,101856,I,Charter School Districts,11.0,City-Large,Y,649,No,No
DRIPPING SPRINGS ISD,105904,B,Major Suburban,42.0,Rural-Distant,N,6873,No,No
DRISCOLL ISD,178905,H,Rural,42.0,Rural-Distant,N,306,Yes,Yes
DUBLIN ISD,72902,G,Non-metropolitan Stable,41.0,Rural-Fringe,N,1209,No,Yes
DUMAS ISD,171901,G,Non-metropolitan Stable,33.0,Town-Remote,N,4300,No,No
DUNCANVILLE ISD,57907,B,Major Suburban,21.0,Suburb-Large,N,12700,No,No
EAGLE MT-SAGINAW ISD,220918,B,Major Suburban,11.0,City-Large,N,20054,No,No
EAGLE PASS ISD,159901,D,Other Central City Suburban,33.0,Town-Remote,N,14561,No,No
EANES ISD,227909,B,Major Suburban,21.0,Suburb-Large,N,8132,No,No
EARLY ISD,25909,G,Non-metropolitan Stable,33.0,Town-Remote,N,1192,No,No
EAST BERNARD ISD,241902,D,Other Central City Suburban,42.0,Rural-Distant,N,951,No,Yes
EAST CENTRAL ISD,15911,B,Major Suburban,41.0,Rural-Fringe,N,10041,No,No
EAST CHAMBERS ISD,36903,E,Independent Town,32.0,Town-Distant,N,1511,No,No
EAST FORT WORTH MONTESSORI ACADEMY,220811,I,Charter School Districts,11.0,City-Large,Y,302,No,No
EAST TEXAS CHARTER SCHOOLS,92801,I,Charter School Districts,13.0,City-Small,Y,142,No,No
EASTLAND ISD,67903,G,Non-metropolitan Stable,33.0,Town-Remote,N,1134,No,No
ECTOR COUNTY ISD,68901,C,Other Central City,12.0,City-Midsize,N,33268,No,No
ECTOR ISD,74905,H,Rural,41.0,Rural-Fringe,N,260,Yes,Yes
EDCOUCH-ELSA ISD,108903,D,Other Central City Suburban,21.0,Suburb-Large,N,4935,No,No
EDEN CISD,48901,H,Rural,43.0,Rural-Remote,N,218,Yes,Yes
EDGEWOOD ISD,15905,B,Major Suburban,11.0,City-Large,N,10234,No,No
EDGEWOOD ISD,234903,G,Non-metropolitan Stable,42.0,Rural-Distant,N,993,No,Yes
EDINBURG CISD,108904,C,Other Central City,13.0,City-Small,N,34121,No,No
EDNA ISD,120901,G,Non-metropolitan Stable,41.0,Rural-Fringe,N,1567,No,Yes
EDUCATION CENTER INTERNATIONAL ACA,57833,I,Charter School Districts,21.0,Suburb-Large,Y,595,No,No
EHRHART SCHOOL,123805,I,Charter School Districts,12.0,City-Midsize,Y,430,No,No
EL CAMPO ISD,241903,E,Independent Town,32.0,Town-Distant,N,3682,No,No
EL PASO ACADEMY,71804,I,Charter School Districts,11.0,City-Large,Y,364,No,No
EL PASO ISD,71902,A,Major Urban,11.0,City-Large,N,57315,No,No
EL PASO LEADERSHIP ACADEMY,71810,I,Charter School Districts,11.0,City-Large,Y,207,No,No
ELEANOR KOLITZ HEBREW LANGUAGE ACA,15836,I,Charter School Districts,11.0,City-Large,Y,337,No,No
ELECTRA ISD,243902,H,Rural,32.0,Town-Distant,N,420,Yes,No
ELGIN ISD,11902,G,Non-metropolitan Stable,41.0,Rural-Fringe,N,4457,No,Yes
ELKHART ISD,1903,G,Non-metropolitan Stable,42.0,Rural-Distant,N,1255,No,Yes
ELYSIAN FIELDS ISD,102906,H,Rural,42.0,Rural-Distant,N,916,Yes,Yes
ENNIS ISD,70903,D,Other Central City Suburban,41.0,Rural-Fringe,N,5850,No,No
ERA ISD,49906,H,Rural,42.0,Rural-Distant,N,485,Yes,Yes
ERATH EXCELS ACADEMY INC,72802,I,Charter School Districts,41.0,Rural-Fringe,Y,123,No,Yes
ETOILE ACADEMY CHARTER SCHOOL,101872,,,,,Y,65,No,No
ETOILE ISD,174910,H,Rural,43.0,Rural-Remote,N,131,Yes,Yes
EULA ISD,30906,H,Rural,42.0,Rural-Distant,N,441,Yes,Yes
EUSTACE ISD,107905,G,Non-metropolitan Stable,42.0,Rural-Distant,N,1566,No,Yes
EVADALE ISD,121906,H,Rural,42.0,Rural-Distant,N,447,Yes,Yes
EVANT ISD,50901,H,Rural,43.0,Rural-Remote,N,234,Yes,Yes
EVERMAN ISD,220904,B,Major Suburban,21.0,Suburb-Large,N,6174,No,No
EVOLUTION ACADEMY CHARTER SCHOOL,57834,I,Charter School Districts,12.0,City-Midsize,Y,832,No,No
EXCEL ACADEMY,101811,I,Charter School Districts,11.0,City-Large,Y,444,No,No
EXCELLENCE IN LEADERSHIP ACADEMY,108809,I,Charter School Districts,13.0,City-Small,Y,242,No,No
EXCELSIOR ISD,210906,H,Rural,43.0,Rural-Remote,N,89,Yes,Yes
EZZELL ISD,143906,H,Rural,43.0,Rural-Remote,N,92,Yes,Yes
FABENS ISD,71903,G,Non-metropolitan Stable,31.0,Town-Fringe,N,2239,No,No
FAIRFIELD ISD,81902,G,Non-metropolitan Stable,33.0,Town-Remote,N,1814,No,No
FALLS CITY ISD,128904,H,Rural,42.0,Rural-Distant,N,363,Yes,Yes
FANNINDEL ISD,60914,H,Rural,43.0,Rural-Remote,N,168,Yes,Yes
FARMERSVILLE ISD,43904,G,Non-metropolitan Stable,31.0,Town-Fringe,N,1717,No,No
FARWELL ISD,185902,H,Rural,42.0,Rural-Distant,N,552,Yes,Yes
FAYETTEVILLE ISD,75906,H,Rural,43.0,Rural-Remote,N,251,Yes,Yes
FERRIS ISD,70905,B,Major Suburban,41.0,Rural-Fringe,N,2709,No,Yes
FLATONIA ISD,75901,H,Rural,43.0,Rural-Remote,N,603,Yes,Yes
FLORENCE ISD,246902,G,Non-metropolitan Stable,42.0,Rural-Distant,N,1086,No,Yes
FLORESVILLE ISD,247901,E,Independent Town,32.0,Town-Distant,N,4057,No,No
FLOUR BLUFF ISD,178914,D,Other Central City Suburban,11.0,City-Large,N,5693,No,No
FLOYDADA ISD,77901,H,Rural,41.0,Rural-Fringe,N,738,Yes,Yes
FOLLETT ISD,148902,H,Rural,43.0,Rural-Remote,N,133,Yes,Yes
FORESTBURG ISD,169910,H,Rural,43.0,Rural-Remote,N,173,Yes,Yes
FORNEY ISD,129902,B,Major Suburban,41.0,Rural-Fringe,N,11133,No,No
FORSAN ISD,114904,H,Rural,42.0,Rural-Distant,N,771,Yes,Yes
FORT BEND ISD,79907,B,Major Suburban,21.0,Suburb-Large,N,76122,No,No
FORT ELLIOTT CISD,242906,H,Rural,43.0,Rural-Remote,N,136,Yes,Yes
FORT STOCKTON ISD,186902,G,Non-metropolitan Stable,33.0,Town-Remote,N,2469,No,No
FORT WORTH ACADEMY OF FINE ARTS,220809,I,Charter School Districts,11.0,City-Large,Y,577,No,No
FORT WORTH ISD,220905,A,Major Urban,11.0,City-Large,N,84510,No,No
FRANKLIN ISD,198903,D,Other Central City Suburban,42.0,Rural-Distant,N,1249,No,Yes
FRANKSTON ISD,1904,H,Rural,42.0,Rural-Distant,N,804,Yes,Yes
FREDERICKSBURG ISD,86901,E,Independent Town,33.0,Town-Remote,N,3126,No,No
FREER ISD,66903,H,Rural,43.0,Rural-Remote,N,822,Yes,Yes
FRENSHIP ISD,152907,D,Other Central City Suburban,12.0,City-Midsize,N,9955,No,No
FRIENDSWOOD ISD,84911,G,Non-metropolitan Stable,21.0,Suburb-Large,N,6070,No,No
FRIONA ISD,185903,G,Non-metropolitan Stable,33.0,Town-Remote,N,1136,No,No
FRISCO ISD,43905,C,Other Central City,21.0,Suburb-Large,N,60182,No,No
FROST ISD,175905,H,Rural,42.0,Rural-Distant,N,429,Yes,Yes
FRUITVALE ISD,234909,H,Rural,42.0,Rural-Distant,N,425,Yes,Yes
FT DAVIS ISD,122901,H,Rural,43.0,Rural-Remote,N,228,Yes,Yes
FT HANCOCK ISD,115901,H,Rural,43.0,Rural-Remote,N,397,Yes,Yes
FT SAM HOUSTON ISD,15914,G,Non-metropolitan Stable,11.0,City-Large,N,1590,No,No
GAINESVILLE ISD,49901,E,Independent Town,41.0,Rural-Fringe,N,3195,No,Yes
GALENA PARK ISD,101910,B,Major Suburban,21.0,Suburb-Large,N,22289,No,No
GALVESTON ISD,84902,C,Other Central City,31.0,Town-Fringe,N,7019,No,No
GANADO ISD,120902,H,Rural,42.0,Rural-Distant,N,774,Yes,Yes
GARLAND ISD,57909,B,Major Suburban,21.0,Suburb-Large,N,55987,No,No
GARNER ISD,184911,H,Rural,42.0,Rural-Distant,N,201,Yes,Yes
GARRISON ISD,174903,H,Rural,43.0,Rural-Remote,N,708,Yes,Yes
GARY ISD,183904,H,Rural,42.0,Rural-Distant,N,468,Yes,Yes
GATESVILLE ISD,50902,D,Other Central City Suburban,32.0,Town-Distant,N,2744,No,No
GATEWAY ACADEMY CHARTER DISTRICT,240801,I,Charter School Districts,11.0,City-Large,Y,305,No,No
GATEWAY CHARTER ACADEMY,57831,I,Charter School Districts,11.0,City-Large,Y,758,No,No
GAUSE ISD,166902,H,Rural,42.0,Rural-Distant,N,166,Yes,Yes
GEORGE GERVIN ACADEMY,15802,I,Charter School Districts,11.0,City-Large,Y,1054,No,No
GEORGE I SANCHEZ CHARTER,101804,I,Charter School Districts,11.0,City-Large,Y,972,No,No
GEORGE WEST ISD,149901,G,Non-metropolitan Stable,43.0,Rural-Remote,N,1079,No,Yes
GEORGETOWN ISD,246904,C,Other Central City,21.0,Suburb-Large,N,11759,No,No
GHOLSON ISD,161925,H,Rural,42.0,Rural-Distant,N,250,Yes,Yes
GIDDINGS ISD,144901,G,Non-metropolitan Stable,41.0,Rural-Fringe,N,1871,No,Yes
GILMER ISD,230902,D,Other Central City Suburban,41.0,Rural-Fringe,N,2493,No,Yes
GLADEWATER ISD,92901,D,Other Central City Suburban,23.0,Suburb-Small,N,1799,No,No
GLASSCOCK COUNTY ISD,87901,H,Rural,43.0,Rural-Remote,N,305,Yes,Yes
GLEN ROSE ISD,213901,G,Non-metropolitan Stable,42.0,Rural-Distant,N,1857,No,Yes
GODLEY ISD,126911,B,Major Suburban,42.0,Rural-Distant,N,2181,No,Yes
GOLD BURG ISD,169906,H,Rural,42.0,Rural-Distant,N,138,Yes,Yes
GOLDEN RULE CHARTER SCHOOL,57835,I,Charter School Districts,11.0,City-Large,Y,1532,No,No
GOLDTHWAITE ISD,167901,H,Rural,43.0,Rural-Remote,N,559,Yes,Yes
GOLIAD ISD,88902,G,Non-metropolitan Stable,42.0,Rural-Distant,N,1330,No,Yes
GONZALES ISD,89901,G,Non-metropolitan Stable,32.0,Town-Distant,N,2872,No,No
GOODRICH ISD,187903,H,Rural,42.0,Rural-Distant,N,241,Yes,Yes
GOODWATER MONTESSORI SCHOOL,246802,I,Charter School Districts,21.0,Suburb-Large,Y,349,No,No
GOOSE CREEK CISD,101911,B,Major Suburban,13.0,City-Small,N,23837,No,No
GORDON ISD,182901,H,Rural,43.0,Rural-Remote,N,189,Yes,Yes
GORMAN ISD,67904,H,Rural,43.0,Rural-Remote,N,304,Yes,Yes
GRADY ISD,156905,H,Rural,42.0,Rural-Distant,N,255,Yes,Yes
GRAFORD ISD,182902,H,Rural,43.0,Rural-Remote,N,347,Yes,Yes
GRAHAM ISD,252901,G,Non-metropolitan Stable,33.0,Town-Remote,N,2376,No,No
GRANBURY ISD,111901,D,Other Central City Suburban,32.0,Town-Distant,N,7346,No,No
GRAND PRAIRIE ISD,57910,B,Major Suburban,21.0,Suburb-Large,N,29200,No,No
GRAND SALINE ISD,234904,G,Non-metropolitan Stable,32.0,Town-Distant,N,1127,No,No
GRANDFALLS-ROYALTY ISD,238904,H,Rural,43.0,Rural-Remote,N,182,Yes,Yes
GRANDVIEW ISD,126904,G,Non-metropolitan Stable,42.0,Rural-Distant,N,1274,No,Yes
GRANDVIEW-HOPKINS ISD,90905,H,Rural,43.0,Rural-Remote,N,50,Yes,Yes
GRANGER ISD,246905,H,Rural,42.0,Rural-Distant,N,446,Yes,Yes
GRAPE CREEK ISD,226907,D,Other Central City Suburban,41.0,Rural-Fringe,N,1172,No,Yes
GRAPELAND ISD,113902,H,Rural,43.0,Rural-Remote,N,573,Yes,Yes
GRAPEVINE-COLLEYVILLE ISD,220906,B,Major Suburban,21.0,Suburb-Large,N,13941,No,No
GREAT HEARTS TEXAS,15835,I,Charter School Districts,11.0,City-Large,Y,3615,No,No
GREENVILLE ISD,116905,E,Independent Town,32.0,Town-Distant,N,5492,No,No
GREENWOOD ISD,165902,D,Other Central City Suburban,42.0,Rural-Distant,N,2844,No,Yes
GREGORY-PORTLAND ISD,205902,D,Other Central City Suburban,21.0,Suburb-Large,N,4673,No,No
GROESBECK ISD,147902,G,Non-metropolitan Stable,41.0,Rural-Fringe,N,1687,No,Yes
GROOM ISD,33901,H,Rural,43.0,Rural-Remote,N,163,Yes,Yes
GROVETON ISD,228901,H,Rural,43.0,Rural-Remote,N,739,Yes,Yes
GRUVER ISD,98901,H,Rural,43.0,Rural-Remote,N,459,Yes,Yes
GUNTER ISD,91917,G,Non-metropolitan Stable,42.0,Rural-Distant,N,969,No,Yes
GUSTINE ISD,47903,H,Rural,43.0,Rural-Remote,N,148,Yes,Yes
GUTHRIE CSD,135001,H,Rural,43.0,Rural-Remote,N,106,Yes,Yes
HALE CENTER ISD,95903,H,Rural,42.0,Rural-Distant,N,647,Yes,Yes
HALLETTSVILLE ISD,143901,G,Non-metropolitan Stable,43.0,Rural-Remote,N,1131,No,Yes
HALLSBURG ISD,161924,H,Rural,42.0,Rural-Distant,N,171,Yes,Yes
HALLSVILLE ISD,102904,D,Other Central City Suburban,31.0,Town-Fringe,N,9486,No,No
HAMILTON ISD,97902,H,Rural,33.0,Town-Remote,N,832,Yes,No
HAMLIN ISD,127903,H,Rural,43.0,Rural-Remote,N,395,Yes,Yes
HAMSHIRE-FANNETT ISD,123914,D,Other Central City Suburban,42.0,Rural-Distant,N,1934,No,Yes
HAPPY ISD,219901,H,Rural,42.0,Rural-Distant,N,259,Yes,Yes
HARDIN ISD,146904,G,Non-metropolitan Stable,42.0,Rural-Distant,N,1430,No,Yes
HARDIN-JEFFERSON ISD,100905,D,Other Central City Suburban,42.0,Rural-Distant,N,2341,No,Yes
HARLANDALE ISD,15904,B,Major Suburban,11.0,City-Large,N,14086,No,No
HARLETON ISD,102905,H,Rural,42.0,Rural-Distant,N,716,Yes,Yes
HARLINGEN CISD,31903,D,Other Central City Suburban,13.0,City-Small,N,18620,No,No
HARMONY ISD,230905,E,Independent Town,42.0,Rural-Distant,N,1097,No,Yes
HARMONY SCHOOL OF EXCELLENCE,101858,I,Charter School Districts,11.0,City-Large,Y,5026,No,No
HARMONY SCHOOL OF SCIENCE - HOUSTO,101862,I,Charter School Districts,13.0,City-Small,Y,3782,No,No
HARMONY SCIENCE ACAD (EL PASO),71806,I,Charter School Districts,11.0,City-Large,Y,3565,No,No
HARMONY SCIENCE ACAD (SAN ANTONIO),15828,I,Charter School Districts,11.0,City-Large,Y,4512,No,No
HARMONY SCIENCE ACAD (WACO),161807,I,Charter School Districts,11.0,City-Large,Y,9763,No,No
HARMONY SCIENCE ACADEMY,101846,I,Charter School Districts,11.0,City-Large,Y,3312,No,No
HARMONY SCIENCE ACADEMY (AUSTIN),227816,I,Charter School Districts,11.0,City-Large,Y,4025,No,No
HARPER ISD,86902,H,Rural,43.0,Rural-Remote,N,578,Yes,Yes
HARRIS COUNTY DEPT OF ED,101000,,,21.0,Suburb-Large,N,.,No,No
HARROLD ISD,244901,H,Rural,42.0,Rural-Distant,N,107,Yes,Yes
HART ISD,35902,H,Rural,43.0,Rural-Remote,N,213,Yes,Yes
HARTLEY ISD,103902,H,Rural,43.0,Rural-Remote,N,223,Yes,Yes
HARTS BLUFF ISD,225907,F,Non-metropolitan Fast Growing,41.0,Rural-Fringe,N,633,No,Yes
HASKELL CISD,104901,H,Rural,41.0,Rural-Fringe,N,566,Yes,Yes
HAWKINS ISD,250902,H,Rural,42.0,Rural-Distant,N,716,Yes,Yes
HAWLEY ISD,127904,H,Rural,42.0,Rural-Distant,N,784,Yes,Yes
HAYS CISD,105906,B,Major Suburban,21.0,Suburb-Large,N,19925,No,No
HEARNE ISD,198905,H,Rural,32.0,Town-Distant,N,821,Yes,No
HEDLEY ISD,65902,H,Rural,43.0,Rural-Remote,N,111,Yes,Yes
HEMPHILL ISD,202903,H,Rural,43.0,Rural-Remote,N,897,Yes,Yes
HEMPSTEAD ISD,237902,G,Non-metropolitan Stable,32.0,Town-Distant,N,1585,No,No
HENDERSON ISD,201902,E,Independent Town,32.0,Town-Distant,N,3417,No,No
HENRIETTA ISD,39902,D,Other Central City Suburban,41.0,Rural-Fringe,N,935,No,Yes
HENRY FORD ACADEMY ALAMEDA SCHOOL,15833,I,Charter School Districts,11.0,City-Large,Y,127,No,No
HEREFORD ISD,59901,D,Other Central City Suburban,32.0,Town-Distant,N,4109,No,No
HERITAGE ACADEMY,15815,I,Charter School Districts,33.0,Town-Remote,Y,635,No,No
HERMLEIGH ISD,208901,H,Rural,42.0,Rural-Distant,N,244,Yes,Yes
HICO ISD,97903,H,Rural,43.0,Rural-Remote,N,605,Yes,Yes
HIDALGO ISD,108905,D,Other Central City Suburban,21.0,Suburb-Large,N,3253,No,No
HIGGINS ISD,148903,H,Rural,43.0,Rural-Remote,N,104,Yes,Yes
HIGH ISLAND ISD,84903,H,Rural,43.0,Rural-Remote,N,142,Yes,Yes
HIGH POINT ACADEMY,220819,I,Charter School Districts,21.0,Suburb-Large,Y,1401,No,No
HIGHLAND ISD,177905,H,Rural,42.0,Rural-Distant,N,239,Yes,Yes
HIGHLAND PARK ISD,57911,B,Major Suburban,21.0,Suburb-Large,N,6840,No,No
HIGHLAND PARK ISD,188903,H,Rural,41.0,Rural-Fringe,N,864,Yes,Yes
HILLSBORO ISD,109904,E,Independent Town,32.0,Town-Distant,N,2006,No,No
HITCHCOCK ISD,84908,D,Other Central City Suburban,22.0,Suburb-Midsize,N,1748,No,No
HOLLAND ISD,14905,H,Rural,42.0,Rural-Distant,N,656,Yes,Yes
HOLLIDAY ISD,5902,D,Other Central City Suburban,42.0,Rural-Distant,N,1048,No,Yes
HONDO ISD,163904,G,Non-metropolitan Stable,32.0,Town-Distant,N,1928,No,No
HONEY GROVE ISD,74907,H,Rural,43.0,Rural-Remote,N,646,Yes,Yes
HOOKS ISD,19902,G,Non-metropolitan Stable,31.0,Town-Fringe,N,908,No,No
HORIZON MONTESSORI PUBLIC SCHOOLS,108802,I,Charter School Districts,12.0,City-Midsize,Y,1324,No,No
HOUSTON GATEWAY ACADEMY INC,101828,I,Charter School Districts,11.0,City-Large,Y,2409,No,No
HOUSTON HEIGHTS HIGH SCHOOL,101821,I,Charter School Districts,11.0,City-Large,Y,193,No,No
HOUSTON ISD,101912,A,Major Urban,11.0,City-Large,N,209772,No,No
HOWE ISD,91905,D,Other Central City Suburban,42.0,Rural-Distant,N,1265,No,Yes
HUBBARD ISD,19913,H,Rural,42.0,Rural-Distant,N,107,Yes,Yes
HUBBARD ISD,109905,H,Rural,42.0,Rural-Distant,N,422,Yes,Yes
HUCKABAY ISD,72908,H,Rural,42.0,Rural-Distant,N,236,Yes,Yes
HUDSON ISD,3902,G,Non-metropolitan Stable,33.0,Town-Remote,N,2959,No,No
HUFFMAN ISD,101925,G,Non-metropolitan Stable,41.0,Rural-Fringe,N,3546,No,Yes
HUGHES SPRINGS ISD,34903,E,Independent Town,32.0,Town-Distant,N,1224,No,No
HULL-DAISETTA ISD,146905,H,Rural,42.0,Rural-Distant,N,479,Yes,Yes
HUMBLE ISD,101913,B,Major Suburban,21.0,Suburb-Large,N,43553,No,No
HUNT ISD,133902,H,Rural,42.0,Rural-Distant,N,204,Yes,Yes
HUNTINGTON ISD,3904,G,Non-metropolitan Stable,42.0,Rural-Distant,N,1660,No,Yes
HUNTSVILLE ISD,236902,E,Independent Town,32.0,Town-Distant,N,8928,No,No
HURST-EULESS-BEDFORD ISD,220916,B,Major Suburban,21.0,Suburb-Large,N,23686,No,No
HUTTO ISD,246906,D,Other Central City Suburban,21.0,Suburb-Large,N,7592,No,No
IDALOU ISD,152910,D,Other Central City Suburban,42.0,Rural-Distant,N,1014,No,Yes
IDEA PUBLIC SCHOOLS,108807,I,Charter School Districts,21.0,Suburb-Large,Y,42748,No,No
IMAGINE INTERNATIONAL ACADEMY OF N,43801,I,Charter School Districts,22.0,Suburb-Midsize,Y,1406,No,No
INDUSTRIAL ISD,120905,G,Non-metropolitan Stable,42.0,Rural-Distant,N,1162,No,Yes
INGLESIDE ISD,205903,D,Other Central City Suburban,31.0,Town-Fringe,N,2155,No,No
INGRAM ISD,133904,G,Non-metropolitan Stable,33.0,Town-Remote,N,1168,No,No
INSPIRE ACADEMIES,15808,I,Charter School Districts,11.0,City-Large,Y,864,No,No
INSPIRED VISION ACADEMY,57830,I,Charter School Districts,11.0,City-Large,Y,1353,No,No
INTERNATIONAL LEADERSHIP OF TEXAS,57848,I,Charter School Districts,21.0,Suburb-Large,Y,18261,No,No
IOLA ISD,93903,H,Rural,42.0,Rural-Distant,N,527,Yes,Yes
IOWA PARK CISD,243903,D,Other Central City Suburban,31.0,Town-Fringe,N,1915,No,No
IRA ISD,208903,H,Rural,42.0,Rural-Distant,N,267,Yes,Yes
IRAAN-SHEFFIELD ISD,186903,H,Rural,43.0,Rural-Remote,N,400,Yes,Yes
IREDELL ISD,18906,H,Rural,43.0,Rural-Remote,N,143,Yes,Yes
IRION COUNTY ISD,118902,H,Rural,42.0,Rural-Distant,N,266,Yes,Yes
IRVING ISD,57912,B,Major Suburban,12.0,City-Midsize,N,33464,No,No
ITALY ISD,70907,H,Rural,42.0,Rural-Distant,N,602,Yes,Yes
ITASCA ISD,109907,H,Rural,42.0,Rural-Distant,N,691,Yes,Yes
JACKSBORO ISD,119902,G,Non-metropolitan Stable,33.0,Town-Remote,N,1057,No,No
JACKSONVILLE ISD,37904,E,Independent Town,32.0,Town-Distant,N,4857,No,No
JARRELL ISD,246907,D,Other Central City Suburban,42.0,Rural-Distant,N,1896,No,Yes
JASPER ISD,121904,E,Independent Town,33.0,Town-Remote,N,2444,No,No
JAYTON-GIRARD ISD,132902,H,Rural,43.0,Rural-Remote,N,152,Yes,Yes
JEAN MASSIEU ACADEMY,57819,I,Charter School Districts,11.0,City-Large,Y,195,No,No
JEFFERSON ISD,155901,G,Non-metropolitan Stable,42.0,Rural-Distant,N,1324,No,Yes
JIM HOGG COUNTY ISD,124901,G,Non-metropolitan Stable,33.0,Town-Remote,N,1156,No,No
JIM NED CISD,221911,G,Non-metropolitan Stable,42.0,Rural-Distant,N,1254,No,Yes
JOAQUIN ISD,210902,H,Rural,43.0,Rural-Remote,N,671,Yes,Yes
JOHNSON CITY ISD,16901,H,Rural,42.0,Rural-Distant,N,650,Yes,Yes
JONESBORO ISD,50909,E,Independent Town,43.0,Rural-Remote,N,328,No,Yes
JOSHUA ISD,126905,D,Other Central City Suburban,41.0,Rural-Fringe,N,5585,No,No
JOURDANTON ISD,7902,G,Non-metropolitan Stable,32.0,Town-Distant,N,1607,No,No
JUBILEE ACADEMIES,15822,I,Charter School Districts,11.0,City-Large,Y,5957,No,No
JUDSON ISD,15916,B,Major Suburban,21.0,Suburb-Large,N,22870,No,No
JUNCTION ISD,134901,H,Rural,33.0,Town-Remote,N,605,Yes,No
KARNACK ISD,102901,H,Rural,42.0,Rural-Distant,N,126,Yes,Yes
KARNES CITY ISD,128901,G,Non-metropolitan Stable,33.0,Town-Remote,N,1125,No,No
KATHERINE ANNE PORTER SCHOOL,105801,I,Charter School Districts,32.0,Town-Distant,Y,168,No,No
KATY ISD,101914,B,Major Suburban,21.0,Suburb-Large,N,79913,No,No
KAUFFMAN LEADERSHIP ACADEMY,126801,I,Charter School Districts,31.0,Town-Fringe,Y,105,No,No
KAUFMAN ISD,129903,D,Other Central City Suburban,32.0,Town-Distant,N,4045,No,No
KEENE ISD,126906,G,Non-metropolitan Stable,31.0,Town-Fringe,N,1074,No,No
KELLER ISD,220907,B,Major Suburban,11.0,City-Large,N,35088,No,No
KELTON ISD,242905,H,Rural,43.0,Rural-Remote,N,90,Yes,Yes
KEMP ISD,129904,D,Other Central City Suburban,42.0,Rural-Distant,N,1663,No,Yes
KENEDY COUNTY WIDE CSD,131001,H,Rural,43.0,Rural-Remote,N,64,Yes,Yes
KENEDY ISD,128902,F,Non-metropolitan Fast Growing,41.0,Rural-Fringe,N,735,No,Yes
KENNARD ISD,113906,H,Rural,43.0,Rural-Remote,N,256,Yes,Yes
KENNEDALE ISD,220914,B,Major Suburban,21.0,Suburb-Large,N,3074,No,No
KERENS ISD,175907,H,Rural,43.0,Rural-Remote,N,585,Yes,Yes
KERMIT ISD,248901,D,Other Central City Suburban,32.0,Town-Distant,N,1478,No,No
KERRVILLE ISD,133903,E,Independent Town,33.0,Town-Remote,N,4957,No,No
KI CHARTER ACADEMY,105803,I,Charter School Districts,23.0,Suburb-Small,Y,176,No,No
KILGORE ISD,92902,D,Other Central City Suburban,31.0,Town-Fringe,N,4086,No,No
KILLEEN ISD,14906,C,Other Central City,12.0,City-Midsize,N,44974,No,No
KINGSVILLE ISD,137901,E,Independent Town,32.0,Town-Distant,N,3316,No,No
KIPP AUSTIN PUBLIC SCHOOLS INC,227820,I,Charter School Districts,11.0,City-Large,Y,27048,No,No
KIPP DALLAS-FORT WORTH,57837,I,Charter School Districts,11.0,City-Large,Y,.,No,No
KIPP INC CHARTER,101813,I,Charter School Districts,11.0,City-Large,Y,.,No,No
KIPP SAN ANTONIO,15826,I,Charter School Districts,11.0,City-Large,Y,.,No,No
KIRBYVILLE CISD,121905,G,Non-metropolitan Stable,43.0,Rural-Remote,N,1508,No,Yes
KLEIN ISD,101915,B,Major Suburban,21.0,Suburb-Large,N,53328,No,No
KLONDIKE ISD,58905,H,Rural,43.0,Rural-Remote,N,261,Yes,Yes
KNIPPA ISD,232901,F,Non-metropolitan Fast Growing,42.0,Rural-Distant,N,460,No,Yes
KNOX CITY-O'BRIEN CISD,138902,H,Rural,43.0,Rural-Remote,N,269,Yes,Yes
KOPPERL ISD,18907,H,Rural,43.0,Rural-Remote,N,201,Yes,Yes
KOUNTZE ISD,100903,G,Non-metropolitan Stable,42.0,Rural-Distant,N,1136,No,Yes
KRESS ISD,219905,H,Rural,42.0,Rural-Distant,N,256,Yes,Yes
KRUM ISD,61905,D,Other Central City Suburban,31.0,Town-Fringe,N,2049,No,No
LA ACADEMIA DE ESTRELLAS,57839,I,Charter School Districts,11.0,City-Large,Y,1096,No,No
LA FE PREPARATORY SCHOOL,71807,I,Charter School Districts,11.0,City-Large,Y,235,No,No
LA FERIA ISD,31905,G,Non-metropolitan Stable,22.0,Suburb-Midsize,N,3320,No,No
LA GLORIA ISD,125906,H,Rural,42.0,Rural-Distant,N,123,Yes,Yes
LA GRANGE ISD,75902,E,Independent Town,33.0,Town-Remote,N,1915,No,No
LA JOYA ISD,108912,C,Other Central City,21.0,Suburb-Large,N,28024,No,No
LA PORTE ISD,101916,B,Major Suburban,21.0,Suburb-Large,N,7384,No,No
LA PRYOR ISD,254902,H,Rural,43.0,Rural-Remote,N,503,Yes,Yes
LA VEGA ISD,161906,D,Other Central City Suburban,22.0,Suburb-Midsize,N,3140,No,No
LA VERNIA ISD,247903,E,Independent Town,42.0,Rural-Distant,N,3402,No,Yes
LA VILLA ISD,108914,H,Rural,21.0,Suburb-Large,N,555,Yes,No
LACKLAND ISD,15913,G,Non-metropolitan Stable,21.0,Suburb-Large,N,1076,No,No
LAGO VISTA ISD,227912,G,Non-metropolitan Stable,31.0,Town-Fringe,N,1530,No,No
LAKE DALLAS ISD,61912,D,Other Central City Suburban,21.0,Suburb-Large,N,4031,No,No
LAKE TRAVIS ISD,227913,B,Major Suburban,21.0,Suburb-Large,N,10738,No,No
LAKE WORTH ISD,220910,B,Major Suburban,21.0,Suburb-Large,N,3371,No,No
LAMAR CISD,79901,C,Other Central City,21.0,Suburb-Large,N,33444,No,No
LAMESA ISD,58906,G,Non-metropolitan Stable,33.0,Town-Remote,N,1886,No,No
LAMPASAS ISD,141901,D,Other Central City Suburban,41.0,Rural-Fringe,N,3358,No,Yes
LANCASTER ISD,57913,B,Major Suburban,21.0,Suburb-Large,N,7348,No,No
LANEVILLE ISD,201903,H,Rural,42.0,Rural-Distant,N,164,Yes,Yes
LAPOYNOR ISD,107910,H,Rural,42.0,Rural-Distant,N,470,Yes,Yes
LAREDO ISD,240901,D,Other Central City Suburban,11.0,City-Large,N,23645,No,No
LASARA ISD,245901,H,Rural,42.0,Rural-Distant,N,368,Yes,Yes
LATEXO ISD,113905,H,Rural,42.0,Rural-Distant,N,446,Yes,Yes
LAZBUDDIE ISD,185904,H,Rural,43.0,Rural-Remote,N,168,Yes,Yes
LEADERSHIP PREP SCHOOL,61804,I,Charter School Districts,21.0,Suburb-Large,Y,1242,No,No
LEAKEY ISD,193902,H,Rural,43.0,Rural-Remote,N,290,Yes,Yes
LEANDER ISD,246913,B,Major Suburban,21.0,Suburb-Large,N,40031,No,No
LEARY ISD,19914,H,Rural,41.0,Rural-Fringe,N,119,Yes,Yes
LEFORS ISD,90902,H,Rural,42.0,Rural-Distant,N,163,Yes,Yes
LEGACY PREPARATORY,57846,I,Charter School Districts,21.0,Suburb-Large,Y,1390,No,No
LEGACY SCHOOL OF SPORT SCIENCES,101874,,,,,Y,393,No,No
LEGGETT ISD,187906,H,Rural,42.0,Rural-Distant,N,167,Yes,Yes
LEON ISD,145911,H,Rural,43.0,Rural-Remote,N,746,Yes,Yes
LEONARD ISD,74909,G,Non-metropolitan Stable,42.0,Rural-Distant,N,878,No,Yes
LEVELLAND ISD,110902,G,Non-metropolitan Stable,32.0,Town-Distant,N,2917,No,No
LEVERETTS CHAPEL ISD,201904,H,Rural,42.0,Rural-Distant,N,252,Yes,Yes
LEWISVILLE ISD,61902,B,Major Suburban,21.0,Suburb-Large,N,52218,No,No
LEXINGTON ISD,144902,G,Non-metropolitan Stable,43.0,Rural-Remote,N,1026,No,Yes
LIBERTY HILL ISD,246908,D,Other Central City Suburban,41.0,Rural-Fringe,N,4390,No,Yes
LIBERTY ISD,146906,G,Non-metropolitan Stable,32.0,Town-Distant,N,2227,No,No
LIBERTY-EYLAU ISD,19908,G,Non-metropolitan Stable,13.0,City-Small,N,2465,No,No
LIFE SCHOOL,57807,I,Charter School Districts,21.0,Suburb-Large,Y,5704,No,No
LIGHTHOUSE CHARTER SCHOOL,15825,I,Charter School Districts,11.0,City-Large,Y,332,No,No
LINDALE ISD,212903,D,Other Central City Suburban,31.0,Town-Fringe,N,4115,No,No
LINDEN-KILDARE CISD,34905,H,Rural,43.0,Rural-Remote,N,689,Yes,Yes
LINDSAY ISD,49907,H,Rural,42.0,Rural-Distant,N,522,Yes,Yes
LINGLEVILLE ISD,72909,H,Rural,42.0,Rural-Distant,N,279,Yes,Yes
LIPAN ISD,111902,F,Non-metropolitan Fast Growing,43.0,Rural-Remote,N,436,No,Yes
LITTLE CYPRESS-MAURICEVILLE CISD,181908,E,Independent Town,22.0,Suburb-Midsize,N,3170,No,No
LITTLE ELM ISD,61914,D,Other Central City Suburban,21.0,Suburb-Large,N,7769,No,No
LITTLEFIELD ISD,140904,G,Non-metropolitan Stable,32.0,Town-Distant,N,1355,No,No
LIVINGSTON ISD,187907,E,Independent Town,41.0,Rural-Fringe,N,3963,No,Yes
LLANO ISD,150901,G,Non-metropolitan Stable,41.0,Rural-Fringe,N,1780,No,Yes
LOCKHART ISD,28902,D,Other Central City Suburban,31.0,Town-Fringe,N,6118,No,No
LOCKNEY ISD,77902,H,Rural,43.0,Rural-Remote,N,450,Yes,Yes
LOHN ISD,160905,H,Rural,43.0,Rural-Remote,N,75,Yes,Yes
LOMETA ISD,141902,H,Rural,43.0,Rural-Remote,N,289,Yes,Yes
LONDON ISD,178906,F,Non-metropolitan Fast Growing,41.0,Rural-Fringe,N,1107,No,Yes
LONE OAK ISD,116906,G,Non-metropolitan Stable,42.0,Rural-Distant,N,1006,No,Yes
LONE STAR LANGUAGE ACADEMY,43802,I,Charter School Districts,12.0,City-Midsize,Y,171,No,No
LONGVIEW ISD,92903,C,Other Central City,13.0,City-Small,N,8621,No,No
LOOP ISD,83902,H,Rural,43.0,Rural-Remote,N,137,Yes,Yes
LORAINE ISD,168902,H,Rural,42.0,Rural-Distant,N,158,Yes,Yes
LORENA ISD,161907,G,Non-metropolitan Stable,41.0,Rural-Fringe,N,1728,No,Yes
LORENZO ISD,54902,H,Rural,42.0,Rural-Distant,N,271,Yes,Yes
LOS FRESNOS CISD,31906,D,Other Central City Suburban,41.0,Rural-Fringe,N,10739,No,No
LOUISE ISD,241906,H,Rural,42.0,Rural-Distant,N,510,Yes,Yes
LOVEJOY ISD,43919,G,Non-metropolitan Stable,21.0,Suburb-Large,N,4272,No,No
LOVELADY ISD,113903,H,Rural,43.0,Rural-Remote,N,534,Yes,Yes
LUBBOCK ISD,152901,C,Other Central City,12.0,City-Midsize,N,27759,No,No
LUBBOCK-COOPER ISD,152906,D,Other Central City Suburban,41.0,Rural-Fringe,N,6571,No,No
LUEDERS-AVOCA ISD,127905,H,Rural,42.0,Rural-Distant,N,107,Yes,Yes
LUFKIN ISD,3903,E,Independent Town,33.0,Town-Remote,N,7861,No,No
LULING ISD,28903,E,Independent Town,32.0,Town-Distant,N,1403,No,No
LUMBERTON ISD,100907,D,Other Central City Suburban,22.0,Suburb-Midsize,N,4037,No,No
LUMIN EDUCATION,57805,I,Charter School Districts,11.0,City-Large,Y,296,No,No
LYFORD CISD,245902,G,Non-metropolitan Stable,32.0,Town-Distant,N,1474,No,No
LYTLE ISD,7904,G,Non-metropolitan Stable,41.0,Rural-Fringe,N,1726,No,Yes
MABANK ISD,129905,D,Other Central City Suburban,32.0,Town-Distant,N,3566,No,No
MADISONVILLE CISD,154901,G,Non-metropolitan Stable,32.0,Town-Distant,N,2399,No,No
MAGNOLIA ISD,170906,D,Other Central City Suburban,41.0,Rural-Fringe,N,13264,No,No
MALAKOFF ISD,107906,G,Non-metropolitan Stable,33.0,Town-Remote,N,1388,No,No
MALONE ISD,109908,H,Rural,42.0,Rural-Distant,N,178,Yes,Yes
MALTA ISD,19910,H,Rural,42.0,Rural-Distant,N,229,Yes,Yes
MANARA ACADEMY,57844,I,Charter School Districts,12.0,City-Midsize,Y,892,No,No
MANOR ISD,227907,B,Major Suburban,41.0,Rural-Fringe,N,9463,No,No
MANSFIELD ISD,220908,B,Major Suburban,21.0,Suburb-Large,N,35293,No,No
MARATHON ISD,22902,H,Rural,43.0,Rural-Remote,N,55,Yes,Yes
MARBLE FALLS ISD,27904,E,Independent Town,32.0,Town-Distant,N,4270,No,No
MARFA ISD,189901,H,Rural,43.0,Rural-Remote,N,340,Yes,Yes
MARION ISD,94904,D,Other Central City Suburban,21.0,Suburb-Large,N,1486,No,No
MARLIN ISD,73903,H,Rural,32.0,Town-Distant,N,880,Yes,No
MARSHALL ISD,102902,E,Independent Town,32.0,Town-Distant,N,5341,No,No
MART ISD,161908,H,Rural,42.0,Rural-Distant,N,516,Yes,Yes
MARTINS MILL ISD,234905,H,Rural,42.0,Rural-Distant,N,524,Yes,Yes
MARTINSVILLE ISD,174909,H,Rural,43.0,Rural-Remote,N,409,Yes,Yes
MASON ISD,157901,H,Rural,43.0,Rural-Remote,N,715,Yes,Yes
MATAGORDA ISD,158904,H,Rural,43.0,Rural-Remote,N,133,Yes,Yes
MATHIS ISD,205904,G,Non-metropolitan Stable,32.0,Town-Distant,N,1627,No,No
MAUD ISD,19903,H,Rural,42.0,Rural-Distant,N,468,Yes,Yes
MAY ISD,25905,H,Rural,43.0,Rural-Remote,N,266,Yes,Yes
MAYPEARL ISD,70915,D,Other Central City Suburban,42.0,Rural-Distant,N,1184,No,Yes
MCALLEN ISD,108906,D,Other Central City Suburban,12.0,City-Midsize,N,22875,No,No
MCCAMEY ISD,231901,H,Rural,43.0,Rural-Remote,N,570,Yes,Yes
MCDADE ISD,11905,F,Non-metropolitan Fast Growing,42.0,Rural-Distant,N,382,No,Yes
MCGREGOR ISD,161909,G,Non-metropolitan Stable,31.0,Town-Fringe,N,1426,No,No
MCKINNEY ISD,43907,D,Other Central City Suburban,22.0,Suburb-Midsize,N,24717,No,No
MCLEAN ISD,90903,H,Rural,43.0,Rural-Remote,N,236,Yes,Yes
MCLEOD ISD,34906,H,Rural,42.0,Rural-Distant,N,388,Yes,Yes
MCMULLEN COUNTY ISD,162904,H,Rural,43.0,Rural-Remote,N,289,Yes,Yes
MEADOW ISD,223902,H,Rural,42.0,Rural-Distant,N,289,Yes,Yes
MEADOWLAND CHARTER DISTRICT,130801,I,Charter School Districts,41.0,Rural-Fringe,Y,123,No,Yes
MEDINA ISD,10901,F,Non-metropolitan Fast Growing,43.0,Rural-Remote,N,306,No,Yes
MEDINA VALLEY ISD,163908,B,Major Suburban,41.0,Rural-Fringe,N,5455,No,No
MELISSA ISD,43908,F,Non-metropolitan Fast Growing,22.0,Suburb-Midsize,N,3163,No,No
MEMPHIS ISD,96904,H,Rural,43.0,Rural-Remote,N,488,Yes,Yes
MENARD ISD,164901,H,Rural,43.0,Rural-Remote,N,305,Yes,Yes
MERCEDES ISD,108907,D,Other Central City Suburban,21.0,Suburb-Large,N,5275,No,No
MERIDIAN ISD,18902,H,Rural,43.0,Rural-Remote,N,477,Yes,Yes
MERIDIAN WORLD SCHOOL LLC,246801,I,Charter School Districts,12.0,City-Midsize,Y,1648,No,No
MERKEL ISD,221904,D,Other Central City Suburban,42.0,Rural-Distant,N,1140,No,Yes
MESQUITE ISD,57914,B,Major Suburban,21.0,Suburb-Large,N,40379,No,No
MEXIA ISD,147903,G,Non-metropolitan Stable,33.0,Town-Remote,N,1892,No,No
MEYERPARK ELEMENTARY,101855,I,Charter School Districts,11.0,City-Large,Y,278,No,No
MEYERSVILLE ISD,62906,H,Rural,42.0,Rural-Distant,N,132,Yes,Yes
MIAMI ISD,197902,H,Rural,43.0,Rural-Remote,N,219,Yes,Yes
MIDLAND ACADEMY CHARTER SCHOOL,165802,I,Charter School Districts,12.0,City-Midsize,Y,423,No,No
MIDLAND ISD,165901,C,Other Central City,12.0,City-Midsize,N,26183,No,No
MIDLOTHIAN ISD,70908,C,Other Central City,21.0,Suburb-Large,N,9389,No,No
MIDVALLEY ACADEMY CHARTER DISTRICT,108804,I,Charter School Districts,22.0,Suburb-Midsize,Y,382,No,No
MIDWAY ISD,39905,H,Rural,42.0,Rural-Distant,N,132,Yes,Yes
MIDWAY ISD,161903,D,Other Central City Suburban,22.0,Suburb-Midsize,N,8302,No,No
MILANO ISD,166903,H,Rural,42.0,Rural-Distant,N,465,Yes,Yes
MILDRED ISD,175910,H,Rural,42.0,Rural-Distant,N,734,Yes,Yes
MILES ISD,200902,H,Rural,42.0,Rural-Distant,N,435,Yes,Yes
MILFORD ISD,70909,H,Rural,42.0,Rural-Distant,N,266,Yes,Yes
MILLER GROVE ISD,112907,F,Non-metropolitan Fast Growing,43.0,Rural-Remote,N,334,No,Yes
MILLSAP ISD,184904,D,Other Central City Suburban,42.0,Rural-Distant,N,1018,No,Yes
MINEOLA ISD,250903,E,Independent Town,32.0,Town-Distant,N,1637,No,No
MINERAL WELLS ISD,182903,E,Independent Town,32.0,Town-Distant,N,3281,No,No
MISSION CISD,108908,D,Other Central City Suburban,13.0,City-Small,N,15588,No,No
MONAHANS-WICKETT-PYOTE ISD,238902,D,Other Central City Suburban,32.0,Town-Distant,N,2410,No,No
MONTAGUE ISD,169908,H,Rural,42.0,Rural-Distant,N,166,Yes,Yes
MONTE ALTO ISD,108915,D,Other Central City Suburban,41.0,Rural-Fringe,N,947,No,Yes
MONTESSORI FOR ALL,227826,I,Charter School Districts,11.0,City-Large,Y,457,No,No
MONTGOMERY ISD,170903,D,Other Central City Suburban,41.0,Rural-Fringe,N,8857,No,No
MOODY ISD,161910,H,Rural,42.0,Rural-Distant,N,696,Yes,Yes
MORAN ISD,209902,H,Rural,43.0,Rural-Remote,N,111,Yes,Yes
MORGAN ISD,18903,H,Rural,43.0,Rural-Remote,N,129,Yes,Yes
MORGAN MILL ISD,72910,H,Rural,43.0,Rural-Remote,N,123,Yes,Yes
MORTON ISD,40901,H,Rural,43.0,Rural-Remote,N,394,Yes,Yes
MOTLEY COUNTY ISD,173901,H,Rural,43.0,Rural-Remote,N,162,Yes,Yes
MOULTON ISD,143902,H,Rural,43.0,Rural-Remote,N,279,Yes,Yes
MOUNT CALM ISD,109910,H,Rural,42.0,Rural-Distant,N,197,Yes,Yes
MOUNT ENTERPRISE ISD,201907,H,Rural,43.0,Rural-Remote,N,414,Yes,Yes
MOUNT PLEASANT ISD,225902,E,Independent Town,33.0,Town-Remote,N,5394,No,No
MOUNT VERNON ISD,80901,G,Non-metropolitan Stable,33.0,Town-Remote,N,1621,No,No
MUENSTER ISD,49902,H,Rural,43.0,Rural-Remote,N,514,Yes,Yes
MULESHOE ISD,9901,G,Non-metropolitan Stable,33.0,Town-Remote,N,1417,No,No
MULLIN ISD,167902,F,Non-metropolitan Fast Growing,33.0,Town-Remote,N,340,No,No
MUMFORD ISD,198906,H,Rural,42.0,Rural-Distant,N,612,Yes,Yes
MUNDAY CISD,138903,H,Rural,43.0,Rural-Remote,N,392,Yes,Yes
MURCHISON ISD,107908,H,Rural,42.0,Rural-Distant,N,180,Yes,Yes
NACOGDOCHES ISD,174904,E,Independent Town,33.0,Town-Remote,N,6249,No,No
NATALIA ISD,163903,G,Non-metropolitan Stable,41.0,Rural-Fringe,N,1080,No,Yes
NAVARRO ISD,94903,D,Other Central City Suburban,41.0,Rural-Fringe,N,1943,No,Yes
NAVASOTA ISD,93904,D,Other Central City Suburban,32.0,Town-Distant,N,3043,No,No
NAZARETH ISD,35903,H,Rural,43.0,Rural-Remote,N,253,Yes,Yes
NECHES ISD,1906,H,Rural,42.0,Rural-Distant,N,366,Yes,Yes
NEDERLAND ISD,123905,D,Other Central City Suburban,22.0,Suburb-Midsize,N,5207,No,No
NEEDVILLE ISD,79906,D,Other Central City Suburban,41.0,Rural-Fringe,N,3262,No,Yes
NEW BOSTON ISD,19905,G,Non-metropolitan Stable,32.0,Town-Distant,N,1275,No,No
NEW BRAUNFELS ISD,46901,C,Other Central City,13.0,City-Small,N,9127,No,No
NEW CANEY ISD,170908,D,Other Central City Suburban,21.0,Suburb-Large,N,15381,No,No
NEW DEAL ISD,152902,H,Rural,41.0,Rural-Fringe,N,786,Yes,Yes
NEW DIANA ISD,230906,D,Other Central City Suburban,42.0,Rural-Distant,N,1118,No,Yes
NEW FRONTIERS PUBLIC SCHOOLS INC,15805,I,Charter School Districts,11.0,City-Large,Y,663,No,No
NEW HOME ISD,153905,F,Non-metropolitan Fast Growing,42.0,Rural-Distant,N,479,No,Yes
NEW SUMMERFIELD ISD,37908,H,Rural,42.0,Rural-Distant,N,544,Yes,Yes
NEW WAVERLY ISD,236901,G,Non-metropolitan Stable,41.0,Rural-Fringe,N,1030,No,Yes
NEWCASTLE ISD,252902,H,Rural,42.0,Rural-Distant,N,206,Yes,Yes
NEWMAN INTERNATIONAL ACADEMY OF AR,220817,I,Charter School Districts,11.0,City-Large,Y,3005,No,No
NEWTON ISD,176902,G,Non-metropolitan Stable,43.0,Rural-Remote,N,1041,No,Yes
NIXON-SMILEY CISD,89903,G,Non-metropolitan Stable,43.0,Rural-Remote,N,1074,No,Yes
NOCONA ISD,169902,H,Rural,33.0,Town-Remote,N,774,Yes,No
NORDHEIM ISD,62902,H,Rural,43.0,Rural-Remote,N,149,Yes,Yes
NORMANGEE ISD,145906,H,Rural,43.0,Rural-Remote,N,605,Yes,Yes
NORTH EAST ISD,15910,A,Major Urban,11.0,City-Large,N,65186,No,No
NORTH HOPKINS ISD,112906,H,Rural,42.0,Rural-Distant,N,512,Yes,Yes
NORTH LAMAR ISD,139911,G,Non-metropolitan Stable,41.0,Rural-Fringe,N,2456,No,Yes
NORTH TEXAS COLLEGIATE ACADEMY,61802,I,Charter School Districts,21.0,Suburb-Large,Y,556,No,No
NORTH ZULCH ISD,154903,H,Rural,42.0,Rural-Distant,N,339,Yes,Yes
NORTHSIDE ISD,15915,A,Major Urban,11.0,City-Large,N,106501,No,No
NORTHSIDE ISD,244905,H,Rural,42.0,Rural-Distant,N,222,Yes,Yes
NORTHWEST ISD,61911,D,Other Central City Suburban,41.0,Rural-Fringe,N,24141,No,No
NOVA ACADEMY,57809,I,Charter School Districts,11.0,City-Large,Y,135,No,No
NOVA ACADEMY (SOUTHEAST),57827,I,Charter School Districts,11.0,City-Large,Y,616,No,No
NUECES CANYON CISD,69902,H,Rural,43.0,Rural-Remote,N,280,Yes,Yes
NURSERY ISD,235904,H,Rural,41.0,Rural-Fringe,N,132,Yes,Yes
NYOS CHARTER SCHOOL,227804,I,Charter School Districts,11.0,City-Large,Y,1017,No,No
O'DONNELL ISD,153903,H,Rural,43.0,Rural-Remote,N,309,Yes,Yes
OAKWOOD ISD,145907,H,Rural,43.0,Rural-Remote,N,199,Yes,Yes
ODEM-EDROY ISD,205905,G,Non-metropolitan Stable,31.0,Town-Fringe,N,905,No,No
ODYSSEY ACADEMY INC,84802,I,Charter School Districts,31.0,Town-Fringe,Y,1197,No,No
OGLESBY ISD,50904,H,Rural,42.0,Rural-Distant,N,169,Yes,Yes
OLFEN ISD,200906,H,Rural,42.0,Rural-Distant,N,104,Yes,Yes
OLNEY ISD,252903,H,Rural,32.0,Town-Distant,N,677,Yes,No
OLTON ISD,140905,H,Rural,43.0,Rural-Remote,N,591,Yes,Yes
ONALASKA ISD,187910,G,Non-metropolitan Stable,32.0,Town-Distant,N,1119,No,No
ORANGE GROVE ISD,125903,G,Non-metropolitan Stable,42.0,Rural-Distant,N,1820,No,Yes
ORANGEFIELD ISD,181905,D,Other Central City Suburban,41.0,Rural-Fringe,N,1848,No,Yes
ORE CITY ISD,230903,G,Non-metropolitan Stable,42.0,Rural-Distant,N,956,No,Yes
ORENDA CHARTER SCHOOL,14804,I,Charter School Districts,41.0,Rural-Fringe,Y,1720,No,Yes
OVERTON ISD,201908,H,Rural,42.0,Rural-Distant,N,502,Yes,Yes
PADUCAH ISD,51901,H,Rural,43.0,Rural-Remote,N,204,Yes,Yes
PAINT CREEK ISD,104907,H,Rural,42.0,Rural-Distant,N,118,Yes,Yes
PAINT ROCK ISD,48903,H,Rural,43.0,Rural-Remote,N,243,Yes,Yes
PALACIOS ISD,158905,G,Non-metropolitan Stable,33.0,Town-Remote,N,1428,No,No
PALESTINE ISD,1907,E,Independent Town,32.0,Town-Distant,N,3393,No,No
PALMER ISD,70910,D,Other Central City Suburban,41.0,Rural-Fringe,N,1226,No,Yes
PALO PINTO ISD,182906,H,Rural,42.0,Rural-Distant,N,95,Yes,Yes
PAMPA ISD,90904,G,Non-metropolitan Stable,33.0,Town-Remote,N,3541,No,No
PANHANDLE ISD,33902,H,Rural,42.0,Rural-Distant,N,702,Yes,Yes
PANOLA CHARTER SCHOOL,183801,I,Charter School Districts,32.0,Town-Distant,Y,143,No,No
PANTHER CREEK CISD,42905,H,Rural,43.0,Rural-Remote,N,150,Yes,Yes
PARADISE ISD,249906,G,Non-metropolitan Stable,42.0,Rural-Distant,N,1240,No,Yes
PARIS ISD,139909,E,Independent Town,33.0,Town-Remote,N,3813,No,No
PASADENA ISD,101917,B,Major Suburban,21.0,Suburb-Large,N,53291,No,No
PASO DEL NORTE ACADEMY CHARTER DIS,71803,I,Charter School Districts,11.0,City-Large,Y,221,No,No
PATTON SPRINGS ISD,63906,H,Rural,43.0,Rural-Remote,N,97,Yes,Yes
PAWNEE ISD,13902,F,Non-metropolitan Fast Growing,43.0,Rural-Remote,N,318,No,Yes
PEARLAND ISD,20908,B,Major Suburban,21.0,Suburb-Large,N,21606,No,No
PEARSALL ISD,82903,G,Non-metropolitan Stable,33.0,Town-Remote,N,2144,No,No
PEASTER ISD,184908,D,Other Central City Suburban,42.0,Rural-Distant,N,1228,No,Yes
PECOS-BARSTOW-TOYAH ISD,195901,G,Non-metropolitan Stable,33.0,Town-Remote,N,2797,No,No
PEGASUS SCHOOL OF LIBERAL ARTS AND,57802,I,Charter School Districts,11.0,City-Large,Y,676,No,No
PENELOPE ISD,109914,H,Rural,42.0,Rural-Distant,N,201,Yes,Yes
PERRIN-WHITT CISD,119903,H,Rural,43.0,Rural-Remote,N,334,Yes,Yes
PERRYTON ISD,179901,G,Non-metropolitan Stable,33.0,Town-Remote,N,2238,No,No
PETERSBURG ISD,95904,H,Rural,42.0,Rural-Distant,N,293,Yes,Yes
PETROLIA CISD,39903,H,Rural,42.0,Rural-Distant,N,450,Yes,Yes
PETTUS ISD,13903,H,Rural,42.0,Rural-Distant,N,420,Yes,Yes
PEWITT CISD,172905,H,Rural,42.0,Rural-Distant,N,868,Yes,Yes
PFLUGERVILLE ISD,227904,B,Major Suburban,21.0,Suburb-Large,N,25405,No,No
PHARR-SAN JUAN-ALAMO ISD,108909,C,Other Central City,21.0,Suburb-Large,N,32682,No,No
PILOT POINT ISD,61903,D,Other Central City Suburban,31.0,Town-Fringe,N,1395,No,No
PINE TREE ISD,92904,D,Other Central City Suburban,13.0,City-Small,N,4500,No,No
PINEYWOODS COMMUNITY ACADEMY,3801,I,Charter School Districts,33.0,Town-Remote,Y,1022,No,No
PIONEER TECHNOLOGY & ARTS ACADEMY,57850,I,Charter School Districts,21.0,Suburb-Large,Y,618,No,No
PITTSBURG ISD,32902,G,Non-metropolitan Stable,32.0,Town-Distant,N,2356,No,No
PLAINS ISD,251902,H,Rural,43.0,Rural-Remote,N,479,Yes,Yes
PLAINVIEW ISD,95905,E,Independent Town,33.0,Town-Remote,N,5375,No,No
PLANO ISD,43910,B,Major Suburban,11.0,City-Large,N,53057,No,No
PLEASANT GROVE ISD,19912,G,Non-metropolitan Stable,13.0,City-Small,N,2158,No,No
PLEASANTON ISD,7905,E,Independent Town,32.0,Town-Distant,N,3564,No,No
PLEMONS-STINNETT-PHILLIPS CISD,117904,H,Rural,42.0,Rural-Distant,N,712,Yes,Yes
POINT ISABEL ISD,31909,D,Other Central City Suburban,32.0,Town-Distant,N,2352,No,No
PONDER ISD,61906,D,Other Central City Suburban,42.0,Rural-Distant,N,1550,No,Yes
POOLVILLE ISD,184901,H,Rural,42.0,Rural-Distant,N,542,Yes,Yes
POR VIDA ACADEMY,15801,I,Charter School Districts,11.0,City-Large,Y,229,No,No
PORT ARANSAS ISD,178908,H,Rural,42.0,Rural-Distant,N,501,Yes,Yes
PORT ARTHUR ISD,123907,D,Other Central City Suburban,13.0,City-Small,N,8319,No,No
PORT NECHES-GROVES ISD,123908,D,Other Central City Suburban,22.0,Suburb-Midsize,N,5136,No,No
POSITIVE SOLUTIONS CHARTER SCHOOL,15814,I,Charter School Districts,11.0,City-Large,Y,131,No,No
POST ISD,85902,H,Rural,32.0,Town-Distant,N,846,Yes,No
POTEET ISD,7906,G,Non-metropolitan Stable,32.0,Town-Distant,N,1703,No,No
POTH ISD,247904,H,Rural,42.0,Rural-Distant,N,841,Yes,Yes
POTTSBORO ISD,91913,D,Other Central City Suburban,23.0,Suburb-Small,N,1424,No,No
PRAIRIE LEA ISD,28906,H,Rural,42.0,Rural-Distant,N,216,Yes,Yes
PRAIRIE VALLEY ISD,169909,H,Rural,42.0,Rural-Distant,N,167,Yes,Yes
PRAIRILAND ISD,139912,G,Non-metropolitan Stable,42.0,Rural-Distant,N,1146,No,Yes
PREMIER HIGH SCHOOLS,72801,I,Charter School Districts,21.0,Suburb-Large,Y,5523,No,No
PREMONT ISD,125905,H,Rural,33.0,Town-Remote,N,617,Yes,No
PRESIDIO ISD,189902,G,Non-metropolitan Stable,33.0,Town-Remote,N,1188,No,No
PRIDDY ISD,167904,H,Rural,43.0,Rural-Remote,N,101,Yes,Yes
PRINCETON ISD,43911,F,Non-metropolitan Fast Growing,22.0,Suburb-Midsize,N,4887,No,No
PRINGLE-MORSE CISD,98903,H,Rural,43.0,Rural-Remote,N,121,Yes,Yes
PRIORITY CHARTER SCHOOLS,14803,I,Charter School Districts,21.0,Suburb-Large,Y,789,No,No
PROGRESO ISD,108910,G,Non-metropolitan Stable,21.0,Suburb-Large,N,1756,No,No
PROMESA PUBLIC SCHOOLS,227824,I,Charter School Districts,11.0,City-Large,Y,1037,No,No
PROMISE COMMUNITY SCHOOL,101853,I,Charter School Districts,11.0,City-Large,Y,1957,No,No
PROSPER ISD,43912,D,Other Central City Suburban,41.0,Rural-Fringe,N,14348,No,No
QUANAH ISD,99903,H,Rural,43.0,Rural-Remote,N,500,Yes,Yes
QUEEN CITY ISD,34907,G,Non-metropolitan Stable,32.0,Town-Distant,N,1074,No,No
QUINLAN ISD,116908,D,Other Central City Suburban,41.0,Rural-Fringe,N,2694,No,Yes
QUITMAN ISD,250904,G,Non-metropolitan Stable,32.0,Town-Distant,N,1130,No,No
RAINS ISD,190903,G,Non-metropolitan Stable,42.0,Rural-Distant,N,1722,No,Yes
RALLS ISD,54903,H,Rural,42.0,Rural-Distant,N,519,Yes,Yes
RAMIREZ CSD,66005,H,Rural,43.0,Rural-Remote,N,27,Yes,Yes
RANCH ACADEMY,234801,I,Charter School Districts,42.0,Rural-Distant,Y,79,No,Yes
RANDOLPH FIELD ISD,15906,F,Non-metropolitan Fast Growing,41.0,Rural-Fringe,N,1468,No,Yes
RANGER ISD,67907,H,Rural,43.0,Rural-Remote,N,364,Yes,Yes
RANKIN ISD,231902,H,Rural,43.0,Rural-Remote,N,300,Yes,Yes
RAPOPORT ACADEMY PUBLIC SCHOOL,161802,I,Charter School Districts,12.0,City-Midsize,Y,819,No,No
RAUL YZAGUIRRE SCHOOL FOR SUCCESS,101806,I,Charter School Districts,11.0,City-Large,Y,1331,No,No
RAVEN SCHOOL,236801,I,Charter School Districts,42.0,Rural-Distant,Y,103,No,Yes
RAYMONDVILLE ISD,245903,D,Other Central City Suburban,32.0,Town-Distant,N,2054,No,No
REAGAN COUNTY ISD,192901,H,Rural,33.0,Town-Remote,N,875,Yes,No
RED LICK ISD,19911,H,Rural,23.0,Suburb-Small,N,501,Yes,No
RED OAK ISD,70911,D,Other Central City Suburban,21.0,Suburb-Large,N,5891,No,No
REDWATER ISD,19906,G,Non-metropolitan Stable,42.0,Rural-Distant,N,1130,No,Yes
REFUGIO ISD,196903,H,Rural,32.0,Town-Distant,N,689,Yes,No
RICARDO ISD,137902,H,Rural,42.0,Rural-Distant,N,689,Yes,Yes
RICE CISD,45903,G,Non-metropolitan Stable,42.0,Rural-Distant,N,1392,No,Yes
RICE ISD,175911,E,Independent Town,42.0,Rural-Distant,N,910,No,Yes
RICHARD MILBURN ALTER HIGH SCHOOL,14801,I,Charter School Districts,12.0,City-Midsize,Y,1952,No,No
RICHARDS ISD,93905,H,Rural,42.0,Rural-Distant,N,179,Yes,Yes
RICHARDSON ISD,57916,B,Major Suburban,11.0,City-Large,N,39108,No,No
RICHLAND COLLEGIATE HIGH SCHOOL,57840,I,Charter School Districts,11.0,City-Large,Y,592,No,No
RICHLAND SPRINGS ISD,206902,H,Rural,43.0,Rural-Remote,N,123,Yes,Yes
RIESEL ISD,161912,H,Rural,42.0,Rural-Distant,N,681,Yes,Yes
RIO GRANDE CITY CISD,214901,D,Other Central City Suburban,41.0,Rural-Fringe,N,10184,No,No
RIO HONDO ISD,31911,G,Non-metropolitan Stable,31.0,Town-Fringe,N,1907,No,No
RIO VISTA ISD,126907,H,Rural,42.0,Rural-Distant,N,755,Yes,Yes
RISE ACADEMY,152802,I,Charter School Districts,12.0,City-Midsize,Y,300,No,No
RISING STAR ISD,67908,H,Rural,43.0,Rural-Remote,N,167,Yes,Yes
RIVER ROAD ISD,188902,D,Other Central City Suburban,22.0,Suburb-Midsize,N,1338,No,No
RIVERCREST ISD,194903,H,Rural,43.0,Rural-Remote,N,721,Yes,Yes
RIVIERA ISD,137903,H,Rural,43.0,Rural-Remote,N,444,Yes,Yes
ROBERT LEE ISD,41902,H,Rural,42.0,Rural-Distant,N,285,Yes,Yes
ROBINSON ISD,161922,D,Other Central City Suburban,22.0,Suburb-Midsize,N,2411,No,No
ROBSTOWN ISD,178909,G,Non-metropolitan Stable,31.0,Town-Fringe,N,2758,No,No
ROBY CISD,76903,F,Non-metropolitan Fast Growing,43.0,Rural-Remote,N,297,No,Yes
ROCHELLE ISD,160904,H,Rural,42.0,Rural-Distant,N,179,Yes,Yes
ROCKDALE ISD,166904,E,Independent Town,32.0,Town-Distant,N,1504,No,No
ROCKSPRINGS ISD,69901,H,Rural,43.0,Rural-Remote,N,306,Yes,Yes
ROCKWALL ISD,199901,C,Other Central City,21.0,Suburb-Large,N,16587,No,No
ROGERS ISD,14907,H,Rural,42.0,Rural-Distant,N,869,Yes,Yes
ROMA ISD,214903,E,Independent Town,41.0,Rural-Fringe,N,6238,No,No
ROOSEVELT ISD,152908,D,Other Central City Suburban,42.0,Rural-Distant,N,1066,No,Yes
ROPES ISD,110905,F,Non-metropolitan Fast Growing,42.0,Rural-Distant,N,479,No,Yes
ROSCOE COLLEGIATE ISD,177901,F,Non-metropolitan Fast Growing,42.0,Rural-Distant,N,645,No,Yes
ROSEBUD-LOTT ISD,73905,H,Rural,42.0,Rural-Distant,N,682,Yes,Yes
ROTAN ISD,76904,H,Rural,43.0,Rural-Remote,N,257,Yes,Yes
ROUND ROCK ISD,246909,B,Major Suburban,12.0,City-Midsize,N,50387,No,No
ROUND TOP-CARMINE ISD,75908,H,Rural,43.0,Rural-Remote,N,267,Yes,Yes
ROXTON ISD,139908,H,Rural,42.0,Rural-Distant,N,137,Yes,Yes
ROYAL ISD,237905,D,Other Central City Suburban,41.0,Rural-Fringe,N,2371,No,Yes
ROYSE CITY ISD,199902,D,Other Central City Suburban,41.0,Rural-Fringe,N,6169,No,No
RULE ISD,104903,H,Rural,42.0,Rural-Distant,N,122,Yes,Yes
RUNGE ISD,128903,H,Rural,42.0,Rural-Distant,N,256,Yes,Yes
RUSK ISD,37907,G,Non-metropolitan Stable,41.0,Rural-Fringe,N,2064,No,Yes
S AND S CISD,91914,D,Other Central City Suburban,41.0,Rural-Fringe,N,928,No,Yes
SABINAL ISD,232902,H,Rural,43.0,Rural-Remote,N,449,Yes,Yes
SABINE ISD,92906,D,Other Central City Suburban,41.0,Rural-Fringe,N,1495,No,Yes
SABINE PASS ISD,123913,H,Rural,42.0,Rural-Distant,N,371,Yes,Yes
SAINT JO ISD,169911,H,Rural,43.0,Rural-Remote,N,299,Yes,Yes
SALADO ISD,14908,D,Other Central City Suburban,42.0,Rural-Distant,N,1949,No,Yes
SALTILLO ISD,112909,H,Rural,42.0,Rural-Distant,N,241,Yes,Yes
SAM HOUSTON STATE UNIVERSITY CHART,236802,I,Charter School Districts,11.0,City-Large,Y,299,No,No
SAM RAYBURN ISD,74917,H,Rural,42.0,Rural-Distant,N,541,Yes,Yes
SAN ANGELO ISD,226903,C,Other Central City,12.0,City-Midsize,N,15080,No,No
SAN ANTONIO ISD,15907,A,Major Urban,11.0,City-Large,N,48745,No,No
SAN AUGUSTINE ISD,203901,H,Rural,43.0,Rural-Remote,N,756,Yes,Yes
SAN BENITO CISD,31912,D,Other Central City Suburban,22.0,Suburb-Midsize,N,10520,No,No
SAN DIEGO ISD,66902,G,Non-metropolitan Stable,32.0,Town-Distant,N,1477,No,No
SAN ELIZARIO ISD,71904,B,Major Suburban,21.0,Suburb-Large,N,3668,No,No
SAN FELIPE-DEL RIO CISD,233901,E,Independent Town,33.0,Town-Remote,N,10437,No,No
SAN ISIDRO ISD,214902,H,Rural,42.0,Rural-Distant,N,223,Yes,Yes
SAN MARCOS CISD,105902,C,Other Central City,23.0,Suburb-Small,N,8097,No,No
SAN PERLITA ISD,245904,H,Rural,42.0,Rural-Distant,N,269,Yes,Yes
SAN SABA ISD,206901,H,Rural,33.0,Town-Remote,N,762,Yes,No
SAN VICENTE ISD,22903,H,Rural,43.0,Rural-Remote,N,13,Yes,Yes
SANDS CISD,58909,H,Rural,43.0,Rural-Remote,N,253,Yes,Yes
SANFORD-FRITCH ISD,117903,H,Rural,32.0,Town-Distant,N,731,Yes,No
SANGER ISD,61908,D,Other Central City Suburban,41.0,Rural-Fringe,N,2759,No,Yes
SANTA ANNA ISD,42903,H,Rural,42.0,Rural-Distant,N,264,Yes,Yes
SANTA FE ISD,84909,D,Other Central City Suburban,22.0,Suburb-Midsize,N,4602,No,No
SANTA GERTRUDIS ISD,137904,F,Non-metropolitan Fast Growing,32.0,Town-Distant,N,804,No,No
SANTA MARIA ISD,31913,H,Rural,41.0,Rural-Fringe,N,636,Yes,Yes
SANTA ROSA ISD,31914,G,Non-metropolitan Stable,22.0,Suburb-Midsize,N,1107,No,No
SANTO ISD,182904,H,Rural,43.0,Rural-Remote,N,463,Yes,Yes
SAVOY ISD,74911,H,Rural,42.0,Rural-Distant,N,322,Yes,Yes
SCHERTZ-CIBOLO-U CITY ISD,94902,C,Other Central City,21.0,Suburb-Large,N,15818,No,No
SCHLEICHER ISD,207901,H,Rural,43.0,Rural-Remote,N,515,Yes,Yes
SCHOOL OF EXCELLENCE IN EDUCATION,15806,I,Charter School Districts,11.0,City-Large,Y,649,No,No
SCHOOL OF SCIENCE AND TECHNOLOGY,15827,I,Charter School Districts,11.0,City-Large,Y,1851,No,No
SCHOOL OF SCIENCE AND TECHNOLOGY D,15831,I,Charter School Districts,11.0,City-Large,Y,2382,No,No
SCHULENBURG ISD,75903,H,Rural,33.0,Town-Remote,N,732,Yes,No
SCURRY-ROSSER ISD,129910,D,Other Central City Suburban,42.0,Rural-Distant,N,1054,No,Yes
SEAGRAVES ISD,83901,H,Rural,43.0,Rural-Remote,N,577,Yes,Yes
SEALY ISD,8902,D,Other Central City Suburban,41.0,Rural-Fringe,N,2803,No,Yes
SEASHORE CHARTER SCHOOLS,178808,I,Charter School Districts,11.0,City-Large,Y,487,No,No
SEGUIN ISD,94901,D,Other Central City Suburban,31.0,Town-Fringe,N,7366,No,No
SEMINOLE ISD,83903,G,Non-metropolitan Stable,33.0,Town-Remote,N,2956,No,No
SER-NINOS CHARTER SCHOOL,101802,I,Charter School Districts,11.0,City-Large,Y,1129,No,No
SEYMOUR ISD,12901,H,Rural,43.0,Rural-Remote,N,582,Yes,Yes
SHALLOWATER ISD,152909,D,Other Central City Suburban,31.0,Town-Fringe,N,1694,No,No
SHAMROCK ISD,242902,H,Rural,43.0,Rural-Remote,N,367,Yes,Yes
SHARYLAND ISD,108911,D,Other Central City Suburban,13.0,City-Small,N,10285,No,No
SHELBYVILLE ISD,210903,H,Rural,42.0,Rural-Distant,N,783,Yes,Yes
SHELDON ISD,101924,B,Major Suburban,21.0,Suburb-Large,N,9401,No,No
SHEPHERD ISD,204904,E,Independent Town,42.0,Rural-Distant,N,2041,No,Yes
SHERMAN ISD,91906,C,Other Central City,13.0,City-Small,N,7405,No,No
SHINER ISD,143903,H,Rural,42.0,Rural-Distant,N,666,Yes,Yes
SIDNEY ISD,47905,H,Rural,42.0,Rural-Distant,N,139,Yes,Yes
SIERRA BLANCA ISD,115902,H,Rural,43.0,Rural-Remote,N,113,Yes,Yes
SILSBEE ISD,100904,E,Independent Town,31.0,Town-Fringe,N,2968,No,No
SILVERTON ISD,23902,H,Rural,43.0,Rural-Remote,N,191,Yes,Yes
SIMMS ISD,19909,H,Rural,42.0,Rural-Distant,N,517,Yes,Yes
SINTON ISD,205906,E,Independent Town,32.0,Town-Distant,N,2139,No,No
SIVELLS BEND ISD,49909,H,Rural,43.0,Rural-Remote,N,68,Yes,Yes
SKIDMORE-TYNAN ISD,13905,H,Rural,42.0,Rural-Distant,N,834,Yes,Yes
SLATON ISD,152903,G,Non-metropolitan Stable,31.0,Town-Fringe,N,1344,No,No
SLIDELL ISD,249908,H,Rural,42.0,Rural-Distant,N,271,Yes,Yes
SLOCUM ISD,1909,H,Rural,43.0,Rural-Remote,N,406,Yes,Yes
SMITHVILLE ISD,11904,G,Non-metropolitan Stable,32.0,Town-Distant,N,1802,No,No
SMYER ISD,110906,H,Rural,42.0,Rural-Distant,N,436,Yes,Yes
SNOOK ISD,26903,H,Rural,42.0,Rural-Distant,N,513,Yes,Yes
SNYDER ISD,208902,G,Non-metropolitan Stable,33.0,Town-Remote,N,2659,No,No
SOCORRO ISD,71909,A,Major Urban,11.0,City-Large,N,46814,No,No
SOMERSET ISD,15909,G,Non-metropolitan Stable,41.0,Rural-Fringe,N,4158,No,Yes
SOMERVILLE ISD,26902,H,Rural,42.0,Rural-Distant,N,529,Yes,Yes
SONORA ISD,218901,H,Rural,33.0,Town-Remote,N,808,Yes,No
SOUTH PLAINS ACADEMY CHARTER DISTR,152803,I,Charter School Districts,12.0,City-Midsize,Y,216,No,No
SOUTH SAN ANTONIO ISD,15908,B,Major Suburban,11.0,City-Large,N,8939,No,No
SOUTH TEXAS ISD,31916,F,Non-metropolitan Fast Growing,41.0,Rural-Fringe,N,4098,No,Yes
SOUTHLAND ISD,85903,H,Rural,42.0,Rural-Distant,N,123,Yes,Yes
SOUTHSIDE ISD,15917,B,Major Suburban,41.0,Rural-Fringe,N,5663,No,No
SOUTHWEST ISD,15912,B,Major Suburban,41.0,Rural-Fringe,N,13759,No,No
SOUTHWEST PREPARATORY SCHOOL,15807,I,Charter School Districts,11.0,City-Large,Y,983,No,No
SOUTHWEST SCHOOL,101838,I,Charter School Districts,11.0,City-Large,Y,1993,No,No
SPEARMAN ISD,98904,H,Rural,33.0,Town-Remote,N,863,Yes,No
SPLENDORA ISD,170907,D,Other Central City Suburban,41.0,Rural-Fringe,N,4108,No,Yes
SPRING BRANCH ISD,101920,B,Major Suburban,11.0,City-Large,N,34681,No,No
SPRING CREEK ISD,117907,H,Rural,43.0,Rural-Remote,N,92,Yes,Yes
SPRING HILL ISD,92907,D,Other Central City Suburban,13.0,City-Small,N,2019,No,No
SPRING ISD,101919,B,Major Suburban,21.0,Suburb-Large,N,35385,No,No
SPRINGLAKE-EARTH ISD,140907,H,Rural,43.0,Rural-Remote,N,351,Yes,Yes
SPRINGTOWN ISD,184902,D,Other Central City Suburban,31.0,Town-Fringe,N,3473,No,No
SPUR ISD,63903,H,Rural,43.0,Rural-Remote,N,246,Yes,Yes
SPURGER ISD,229905,H,Rural,43.0,Rural-Remote,N,372,Yes,Yes
ST ANTHONY SCHOOL,57836,I,Charter School Districts,11.0,City-Large,Y,309,No,No
ST MARY'S ACADEMY CHARTER SCHOOL,13801,I,Charter School Districts,32.0,Town-Distant,Y,430,No,No
STAFFORD MSD,79910,B,Major Suburban,21.0,Suburb-Large,N,3589,No,No
STAMFORD ISD,127906,H,Rural,32.0,Town-Distant,N,647,Yes,No
STANTON ISD,156902,D,Other Central City Suburban,42.0,Rural-Distant,N,1098,No,Yes
STEP CHARTER SCHOOL,101859,I,Charter School Districts,11.0,City-Large,Y,505,No,No
STEPHEN F AUSTIN STATE UNIVERSITY,174801,I,Charter School Districts,33.0,Town-Remote,Y,256,No,No
STEPHENVILLE ISD,72903,E,Independent Town,33.0,Town-Remote,N,3697,No,No
STERLING CITY ISD,216901,H,Rural,43.0,Rural-Remote,N,327,Yes,Yes
STOCKDALE ISD,247906,H,Rural,42.0,Rural-Distant,N,830,Yes,Yes
STRATFORD ISD,211902,H,Rural,43.0,Rural-Remote,N,577,Yes,Yes
STRAWN ISD,182905,H,Rural,43.0,Rural-Remote,N,167,Yes,Yes
SUDAN ISD,140908,H,Rural,43.0,Rural-Remote,N,475,Yes,Yes
SULPHUR BLUFF ISD,112910,H,Rural,43.0,Rural-Remote,N,241,Yes,Yes
SULPHUR SPRINGS ISD,112901,E,Independent Town,33.0,Town-Remote,N,4399,No,No
SUNDOWN ISD,110907,H,Rural,42.0,Rural-Distant,N,614,Yes,Yes
SUNNYVALE ISD,57919,F,Non-metropolitan Fast Growing,41.0,Rural-Fringe,N,1882,No,Yes
SUNRAY ISD,171902,H,Rural,42.0,Rural-Distant,N,556,Yes,Yes
SWEENY ISD,20906,D,Other Central City Suburban,32.0,Town-Distant,N,1978,No,No
SWEET HOME ISD,143905,H,Rural,42.0,Rural-Distant,N,143,Yes,Yes
SWEETWATER ISD,177902,G,Non-metropolitan Stable,32.0,Town-Distant,N,2162,No,No
TAFT ISD,205907,D,Other Central City Suburban,31.0,Town-Fringe,N,1047,No,No
TAHOKA ISD,153904,H,Rural,32.0,Town-Distant,N,620,Yes,No
TARKINGTON ISD,146907,G,Non-metropolitan Stable,42.0,Rural-Distant,N,1810,No,Yes
TATUM ISD,201910,D,Other Central City Suburban,42.0,Rural-Distant,N,1515,No,Yes
TAYLOR ISD,246911,D,Other Central City Suburban,41.0,Rural-Fringe,N,3191,No,Yes
TEAGUE ISD,81904,G,Non-metropolitan Stable,33.0,Town-Remote,N,1168,No,No
TEKOA ACADEMY OF ACCELERATED STUDI,123803,I,Charter School Districts,13.0,City-Small,Y,464,No,No
TEMPLE ISD,14909,D,Other Central City Suburban,13.0,City-Small,N,8752,No,No
TENAHA ISD,210904,H,Rural,42.0,Rural-Distant,N,542,Yes,Yes
TERLINGUA CSD,22004,H,Rural,43.0,Rural-Remote,N,101,Yes,Yes
TERRELL COUNTY ISD,222901,H,Rural,43.0,Rural-Remote,N,121,Yes,Yes
TERRELL ISD,129906,C,Other Central City,32.0,Town-Distant,N,4711,No,No
TEXANS CAN ACADEMIES,57804,I,Charter School Districts,11.0,City-Large,Y,5071,No,No
TEXARKANA ISD,19907,E,Independent Town,13.0,City-Small,N,7174,No,No
TEXAS CITY ISD,84906,D,Other Central City Suburban,22.0,Suburb-Midsize,N,8641,No,No
TEXAS COLLEGE PREPARATORY ACADEMIE,221801,I,Charter School Districts,21.0,Suburb-Large,Y,12116,No,No
TEXAS EMPOWERMENT ACADEMY,227805,I,Charter School Districts,11.0,City-Large,Y,334,No,No
TEXAS JUVENILE JUSTICE DEPARTMENT,227622,,,33.0,Town-Remote,N,936,No,No
TEXAS LEADERSHIP,226801,I,Charter School Districts,12.0,City-Midsize,Y,2793,No,No
TEXAS PREPARATORY SCHOOL,105802,I,Charter School Districts,23.0,Suburb-Small,Y,228,No,No
TEXAS SCH FOR THE BLIND & VISUALLY,227905,,,11.0,City-Large,N,131,No,No
TEXAS SCH FOR THE DEAF,227906,,,11.0,City-Large,N,494,No,No
TEXAS SCHOOL OF THE ARTS,220814,I,Charter School Districts,21.0,Suburb-Large,Y,332,No,No
TEXAS SERENITY ACADEMY,170801,I,Charter School Districts,21.0,Suburb-Large,Y,408,No,No
TEXHOMA ISD,211901,H,Rural,43.0,Rural-Remote,N,172,Yes,Yes
TEXLINE ISD,56902,H,Rural,43.0,Rural-Remote,N,180,Yes,Yes
THE EXCEL CENTER,227828,I,Charter School Districts,11.0,City-Large,Y,118,No,No
THE EXCEL CENTER (FOR ADULTS),227827,I,Charter School Districts,11.0,City-Large,Y,382,No,No
THE LAWSON ACADEMY,101864,I,Charter School Districts,11.0,City-Large,Y,226,No,No
THE PRO-VISION ACADEMY,101868,I,Charter School Districts,11.0,City-Large,Y,478,No,No
THE RHODES SCHOOL,101861,I,Charter School Districts,21.0,Suburb-Large,Y,1236,No,No
THE VARNETT PUBLIC SCHOOL,101814,I,Charter School Districts,11.0,City-Large,Y,1721,No,No
THORNDALE ISD,166905,H,Rural,42.0,Rural-Distant,N,557,Yes,Yes
THRALL ISD,246912,H,Rural,42.0,Rural-Distant,N,736,Yes,Yes
THREE RIVERS ISD,149902,H,Rural,43.0,Rural-Remote,N,628,Yes,Yes
THREE WAY ISD,72901,H,Rural,42.0,Rural-Distant,N,163,Yes,Yes
THROCKMORTON ISD,224901,H,Rural,43.0,Rural-Remote,N,147,Yes,Yes
TIDEHAVEN ISD,158902,F,Non-metropolitan Fast Growing,42.0,Rural-Distant,N,979,No,Yes
TIMPSON ISD,210905,H,Rural,43.0,Rural-Remote,N,678,Yes,Yes
TIOGA ISD,91907,F,Non-metropolitan Fast Growing,42.0,Rural-Distant,N,675,No,Yes
TOLAR ISD,111903,E,Independent Town,42.0,Rural-Distant,N,797,No,Yes
TOM BEAN ISD,91918,H,Rural,42.0,Rural-Distant,N,664,Yes,Yes
TOMBALL ISD,101921,B,Major Suburban,21.0,Suburb-Large,N,16962,No,No
TORNILLO ISD,71908,G,Non-metropolitan Stable,41.0,Rural-Fringe,N,1025,No,Yes
TREETOPS SCHOOL INTERNATIONAL,220801,I,Charter School Districts,21.0,Suburb-Large,Y,391,No,No
TRENT ISD,221905,H,Rural,42.0,Rural-Distant,N,171,Yes,Yes
TRENTON ISD,74912,H,Rural,42.0,Rural-Distant,N,600,Yes,Yes
TRINIDAD ISD,107907,H,Rural,42.0,Rural-Distant,N,182,Yes,Yes
TRINITY BASIN PREPARATORY,57813,I,Charter School Districts,11.0,City-Large,Y,3496,No,No
TRINITY CHARTER SCHOOL,46802,I,Charter School Districts,41.0,Rural-Fringe,Y,448,No,Yes
TRINITY ENVIRONMENTAL ACADEMY,57849,I,Charter School Districts,11.0,City-Large,Y,298,No,No
TRINITY ISD,228903,G,Non-metropolitan Stable,32.0,Town-Distant,N,1188,No,No
TRIVIUM ACADEMY,61805,I,Charter School Districts,21.0,Suburb-Large,Y,593,No,No
TROUP ISD,212904,G,Non-metropolitan Stable,42.0,Rural-Distant,N,1102,No,Yes
TROY ISD,14910,G,Non-metropolitan Stable,41.0,Rural-Fringe,N,1542,No,Yes
TULIA ISD,219903,G,Non-metropolitan Stable,33.0,Town-Remote,N,1094,No,No
TULOSO-MIDWAY ISD,178912,D,Other Central City Suburban,11.0,City-Large,N,3941,No,No
TURKEY-QUITAQUE ISD,96905,H,Rural,43.0,Rural-Remote,N,221,Yes,Yes
TWO DIMENSIONS PREPARATORY ACADEMY,101840,I,Charter School Districts,21.0,Suburb-Large,Y,503,No,No
TYLER ISD,212905,C,Other Central City,12.0,City-Midsize,N,18130,No,No
UME PREPARATORY ACADEMY,57845,I,Charter School Districts,41.0,Rural-Fringe,Y,844,No,Yes
UNION GROVE ISD,230908,H,Rural,41.0,Rural-Fringe,N,754,Yes,Yes
UNION HILL ISD,230904,F,Non-metropolitan Fast Growing,42.0,Rural-Distant,N,345,No,Yes
UNITED ISD,240903,C,Other Central City,11.0,City-Large,N,43364,No,No
UNIVERSAL ACADEMY,57808,I,Charter School Districts,21.0,Suburb-Large,Y,2058,No,No
UNIVERSITY OF HOUSTON CHARTER SCHO,101807,I,Charter School Districts,11.0,City-Large,Y,135,No,No
UNIVERSITY OF TEXAS ELEMENTARY CHA,227819,I,Charter School Districts,11.0,City-Large,Y,298,No,No
UNIVERSITY OF TEXAS UNIVERSITY CHA,227806,I,Charter School Districts,11.0,City-Large,Y,638,No,No
UPLIFT EDUCATION,57803,I,Charter School Districts,11.0,City-Large,Y,18709,No,No
UT TYLER INNOVATION ACADEMY,212804,I,Charter School Districts,12.0,City-Midsize,Y,738,No,No
UTOPIA ISD,232904,H,Rural,43.0,Rural-Remote,N,242,Yes,Yes
UTPB STEM ACADEMY,68803,I,Charter School Districts,12.0,City-Midsize,Y,721,No,No
UVALDE CISD,232903,E,Independent Town,33.0,Town-Remote,N,4273,No,No
VALENTINE ISD,122902,H,Rural,43.0,Rural-Remote,N,38,Yes,Yes
VALLEY MILLS ISD,18904,H,Rural,42.0,Rural-Distant,N,650,Yes,Yes
VALLEY VIEW ISD,49903,H,Rural,42.0,Rural-Distant,N,849,Yes,Yes
VALLEY VIEW ISD,108916,D,Other Central City Suburban,21.0,Suburb-Large,N,4438,No,No
VALOR PUBLIC SCHOOLS,227829,,,,,Y,459,No,No
VAN ALSTYNE ISD,91908,D,Other Central City Suburban,41.0,Rural-Fringe,N,1707,No,Yes
VAN ISD,234906,D,Other Central City Suburban,32.0,Town-Distant,N,2420,No,No
VAN VLECK ISD,158906,G,Non-metropolitan Stable,41.0,Rural-Fringe,N,1045,No,Yes
VANGUARD ACADEMY,108808,I,Charter School Districts,21.0,Suburb-Large,Y,4180,No,No
VEGA ISD,180902,H,Rural,43.0,Rural-Remote,N,380,Yes,Yes
VENUS ISD,126908,D,Other Central City Suburban,31.0,Town-Fringe,N,2203,No,No
VERIBEST ISD,226908,H,Rural,42.0,Rural-Distant,N,285,Yes,Yes
VERNON ISD,244903,G,Non-metropolitan Stable,33.0,Town-Remote,N,1984,No,No
VICTORIA ISD,235902,E,Independent Town,13.0,City-Small,N,14118,No,No
VIDOR ISD,181907,D,Other Central City Suburban,22.0,Suburb-Midsize,N,4548,No,No
VILLAGE TECH SCHOOLS,57847,I,Charter School Districts,21.0,Suburb-Large,Y,1115,No,No
VISTA DEL FUTURO CHARTER SCHOOL,71809,I,Charter School Districts,11.0,City-Large,Y,368,No,No
VYSEHRAD ISD,143904,H,Rural,43.0,Rural-Remote,N,126,Yes,Yes
WACO CHARTER SCHOOL,161801,I,Charter School Districts,12.0,City-Midsize,Y,212,No,No
WACO ISD,161914,C,Other Central City,12.0,City-Midsize,N,14756,No,No
WAELDER ISD,89905,H,Rural,43.0,Rural-Remote,N,317,Yes,Yes
WALCOTT ISD,59902,H,Rural,43.0,Rural-Remote,N,146,Yes,Yes
WALL ISD,226906,D,Other Central City Suburban,41.0,Rural-Fringe,N,1179,No,Yes
WALLER ISD,237904,E,Independent Town,42.0,Rural-Distant,N,7403,No,No
WALNUT BEND ISD,49908,H,Rural,42.0,Rural-Distant,N,80,Yes,Yes
WALNUT SPRINGS ISD,18905,H,Rural,43.0,Rural-Remote,N,187,Yes,Yes
WARREN ISD,229904,G,Non-metropolitan Stable,42.0,Rural-Distant,N,1277,No,Yes
WASKOM ISD,102903,G,Non-metropolitan Stable,42.0,Rural-Distant,N,903,No,Yes
WATER VALLEY ISD,226905,F,Non-metropolitan Fast Growing,42.0,Rural-Distant,N,336,No,Yes
WAXAHACHIE FAITH FAMILY ACADEMY,70801,I,Charter School Districts,11.0,City-Large,Y,2646,No,No
WAXAHACHIE ISD,70912,C,Other Central City,21.0,Suburb-Large,N,8937,No,No
WAYSIDE SCHOOLS,227803,I,Charter School Districts,11.0,City-Large,Y,2095,No,No
WEATHERFORD ISD,184903,C,Other Central City,31.0,Town-Fringe,N,8081,No,No
WEBB CISD,240904,H,Rural,43.0,Rural-Remote,N,268,Yes,Yes
WEIMAR ISD,45905,H,Rural,42.0,Rural-Distant,N,673,Yes,Yes
WELLINGTON ISD,44902,H,Rural,43.0,Rural-Remote,N,586,Yes,Yes
WELLMAN-UNION CISD,223904,F,Non-metropolitan Fast Growing,42.0,Rural-Distant,N,335,No,Yes
WELLS ISD,37909,H,Rural,42.0,Rural-Distant,N,298,Yes,Yes
WESLACO ISD,108913,D,Other Central City Suburban,21.0,Suburb-Large,N,17275,No,No
WEST HARDIN COUNTY CISD,100908,H,Rural,42.0,Rural-Distant,N,558,Yes,Yes
WEST ISD,161916,G,Non-metropolitan Stable,41.0,Rural-Fringe,N,1359,No,Yes
WEST ORANGE-COVE CISD,181906,G,Non-metropolitan Stable,22.0,Suburb-Midsize,N,2465,No,No
WEST OSO ISD,178915,D,Other Central City Suburban,11.0,City-Large,N,2095,No,No
WEST RUSK COUNTY CONSOLIDATED ISD,201914,G,Non-metropolitan Stable,42.0,Rural-Distant,N,1089,No,Yes
WEST SABINE ISD,202905,H,Rural,43.0,Rural-Remote,N,613,Yes,Yes
WESTBROOK ISD,168903,H,Rural,42.0,Rural-Distant,N,272,Yes,Yes
WESTHOFF ISD,62905,H,Rural,43.0,Rural-Remote,N,87,Yes,Yes
WESTLAKE ACADEMY CHARTER SCHOOL,220810,I,Charter School Districts,41.0,Rural-Fringe,Y,879,No,Yes
WESTPHALIA ISD,73904,H,Rural,42.0,Rural-Distant,N,155,Yes,Yes
WESTWOOD ISD,1908,G,Non-metropolitan Stable,32.0,Town-Distant,N,1518,No,No
WHARTON ISD,241904,G,Non-metropolitan Stable,32.0,Town-Distant,N,2015,No,No
WHEELER ISD,242903,H,Rural,43.0,Rural-Remote,N,468,Yes,Yes
WHITE DEER ISD,33904,H,Rural,43.0,Rural-Remote,N,352,Yes,Yes
WHITE OAK ISD,92908,D,Other Central City Suburban,23.0,Suburb-Small,N,1499,No,No
WHITE SETTLEMENT ISD,220920,B,Major Suburban,41.0,Rural-Fringe,N,6842,No,No
WHITEFACE CISD,40902,H,Rural,43.0,Rural-Remote,N,313,Yes,Yes
WHITEHOUSE ISD,212906,D,Other Central City Suburban,22.0,Suburb-Midsize,N,4831,No,No
WHITESBORO ISD,91909,D,Other Central City Suburban,32.0,Town-Distant,N,1615,No,No
WHITEWRIGHT ISD,91910,H,Rural,42.0,Rural-Distant,N,862,Yes,Yes
WHITHARRAL ISD,110908,H,Rural,42.0,Rural-Distant,N,175,Yes,Yes
WHITNEY ISD,109911,E,Independent Town,42.0,Rural-Distant,N,1491,No,Yes
WICHITA FALLS ISD,243905,C,Other Central City,12.0,City-Midsize,N,14094,No,No
WILDORADO ISD,180904,H,Rural,42.0,Rural-Distant,N,176,Yes,Yes
WILLIS ISD,170904,D,Other Central City Suburban,41.0,Rural-Fringe,N,7493,No,No
WILLS POINT ISD,234907,D,Other Central City Suburban,32.0,Town-Distant,N,2520,No,No
WILSON ISD,153907,H,Rural,42.0,Rural-Distant,N,103,Yes,Yes
WIMBERLEY ISD,105905,D,Other Central City Suburban,41.0,Rural-Fringe,N,2501,No,Yes
WINDHAM SCHOOL DISTRICT,236903,,,32.0,Town-Distant,N,.,No,No
WINDTHORST ISD,5904,H,Rural,42.0,Rural-Distant,N,403,Yes,Yes
WINFIELD ISD,225905,H,Rural,42.0,Rural-Distant,N,.,Yes,No
WINFREE ACADEMY CHARTER SCHOOLS,57828,I,Charter School Districts,21.0,Suburb-Large,Y,1317,No,No
WINK-LOVING ISD,248902,H,Rural,42.0,Rural-Distant,N,461,Yes,Yes
WINNSBORO ISD,250907,E,Independent Town,32.0,Town-Distant,N,1493,No,No
WINONA ISD,212910,D,Other Central City Suburban,41.0,Rural-Fringe,N,1098,No,Yes
WINTERS ISD,200904,H,Rural,32.0,Town-Distant,N,559,Yes,No
WODEN ISD,174906,H,Rural,42.0,Rural-Distant,N,763,Yes,Yes
WOLFE CITY ISD,116909,H,Rural,43.0,Rural-Remote,N,683,Yes,Yes
WOODSBORO ISD,196902,H,Rural,42.0,Rural-Distant,N,441,Yes,Yes
WOODSON ISD,224902,H,Rural,43.0,Rural-Remote,N,144,Yes,Yes
WOODVILLE ISD,229903,G,Non-metropolitan Stable,33.0,Town-Remote,N,1285,No,No
WORTHAM ISD,81905,H,Rural,42.0,Rural-Distant,N,495,Yes,Yes
WYLIE ISD,43914,D,Other Central City Suburban,21.0,Suburb-Large,N,16527,No,No
WYLIE ISD,221912,D,Other Central City Suburban,12.0,City-Midsize,N,4600,No,No
YANTIS ISD,250905,H,Rural,43.0,Rural-Remote,N,377,Yes,Yes
YELLOWSTONE COLLEGE PREPARATORY,101873,,,,,Y,227,No,No
YES PREP PUBLIC SCHOOLS INC,101845,I,Charter School Districts,11.0,City-Large,Y,11405,No,No
YOAKUM ISD,62903,G,Non-metropolitan Stable,32.0,Town-Distant,N,1616,No,No
YORKTOWN ISD,62904,H,Rural,43.0,Rural-Remote,N,546,Yes,Yes
YSLETA ISD,71905,A,Major Urban,11.0,City-Large,N,41064,No,No
ZAPATA COUNTY ISD,253901,D,Other Central City Suburban,33.0,Town-Remote,N,3522,No,No
ZAVALLA ISD,3906,H,Rural,43.0,Rural-Remote,N,360,Yes,Yes
ZEPHYR ISD,25906,H,Rural,42.0,Rural-Distant,N,218,Yes,Yes
