DISTRICT,DISTNAME,REGION,REGNNAME,COUNTY,CNTYNAME,DFLCHART,DFLALTED
"'001902","CAYUGA ISD","'07","REGION 07: KILGORE","'001","ANDERSON","N","N"
"'001903","ELKHART ISD","'07","REGION 07: KILGORE","'001","ANDERSON","N","N"
"'001904","FRANKSTON ISD","'07","REGION 07: KILGORE","'001","ANDERSON","N","N"
"'001906","NECHES ISD","'07","REGION 07: KILGORE","'001","ANDERSON","N","N"
"'001907","PALESTINE ISD","'07","REGION 07: KILGORE","'001","ANDERSON","N","N"
"'001908","WESTWOOD ISD","'07","REGION 07: KILGORE","'001","ANDERSON","N","N"
"'001909","SLOCUM ISD","'07","REGION 07: KILGORE","'001","ANDERSON","N","N"
"'002901","ANDREWS ISD","'18","REGION 18: MIDLAND","'002","ANDREWS","N","N"
"'003801","PINEYWOODS COMMUNITY ACADEMY","'07","REGION 07: KILGORE","'003","ANGELINA","Y","N"
"'003902","HUDSON ISD","'07","REGION 07: KILGORE","'003","ANGELINA","N","N"
"'003903","LUFKIN ISD","'07","REGION 07: KILGORE","'003","ANGELINA","N","N"
"'003904","HUNTINGTON ISD","'07","REGION 07: KILGORE","'003","ANGELINA","N","N"
"'003905","DIBOLL ISD","'07","REGION 07: KILGORE","'003","ANGELINA","N","N"
"'003906","ZAVALLA ISD","'07","REGION 07: KILGORE","'003","ANGELINA","N","N"
"'003907","CENTRAL ISD","'07","REGION 07: KILGORE","'003","ANGELINA","N","N"
"'004901","ROCKPORT-FULTON ISD","'02","REGION 02: CORPUS CHRISTI","'004","ARANSAS","N","N"
"'005901","ARCHER CITY ISD","'09","REGION 09: WICHITA FALLS","'005","ARCHER","N","N"
"'005902","HOLLIDAY ISD","'09","REGION 09: WICHITA FALLS","'005","ARCHER","N","N"
"'005904","WINDTHORST ISD","'09","REGION 09: WICHITA FALLS","'005","ARCHER","N","N"
"'006902","CLAUDE ISD","'16","REGION 16: AMARILLO","'006","ARMSTRONG","N","N"
"'007901","CHARLOTTE ISD","'20","REGION 20: SAN ANTONIO","'007","ATASCOSA","N","N"
"'007902","JOURDANTON ISD","'20","REGION 20: SAN ANTONIO","'007","ATASCOSA","N","N"
"'007904","LYTLE ISD","'20","REGION 20: SAN ANTONIO","'007","ATASCOSA","N","N"
"'007905","PLEASANTON ISD","'20","REGION 20: SAN ANTONIO","'007","ATASCOSA","N","N"
"'007906","POTEET ISD","'20","REGION 20: SAN ANTONIO","'007","ATASCOSA","N","N"
"'008901","BELLVILLE ISD","'06","REGION 06: HUNTSVILLE","'008","AUSTIN","N","N"
"'008902","SEALY ISD","'06","REGION 06: HUNTSVILLE","'008","AUSTIN","N","N"
"'008903","BRAZOS ISD","'06","REGION 06: HUNTSVILLE","'008","AUSTIN","N","N"
"'009901","MULESHOE ISD","'17","REGION 17: LUBBOCK","'009","BAILEY","N","N"
"'010901","MEDINA ISD","'20","REGION 20: SAN ANTONIO","'010","BANDERA","N","N"
"'010902","BANDERA ISD","'20","REGION 20: SAN ANTONIO","'010","BANDERA","N","N"
"'011901","BASTROP ISD","'13","REGION 13: AUSTIN","'011","BASTROP","N","N"
"'011902","ELGIN ISD","'13","REGION 13: AUSTIN","'011","BASTROP","N","N"
"'011904","SMITHVILLE ISD","'13","REGION 13: AUSTIN","'011","BASTROP","N","N"
"'011905","MCDADE ISD","'13","REGION 13: AUSTIN","'011","BASTROP","N","N"
"'012901","SEYMOUR ISD","'09","REGION 09: WICHITA FALLS","'012","BAYLOR","N","N"
"'013801","ST MARY'S ACADEMY CHARTER SCHOOL","'02","REGION 02: CORPUS CHRISTI","'013","BEE","Y","N"
"'013901","BEEVILLE ISD","'02","REGION 02: CORPUS CHRISTI","'013","BEE","N","N"
"'013902","PAWNEE ISD","'02","REGION 02: CORPUS CHRISTI","'013","BEE","N","N"
"'013903","PETTUS ISD","'02","REGION 02: CORPUS CHRISTI","'013","BEE","N","N"
"'013905","SKIDMORE-TYNAN ISD","'02","REGION 02: CORPUS CHRISTI","'013","BEE","N","N"
"'014801","RICHARD MILBURN ALTER HIGH SCHOOL (KILLEEN)","'20","REGION 20: SAN ANTONIO","'014","BELL","Y","Y"
"'014803","PRIORITY CHARTER SCHOOLS","'12","REGION 12: WACO","'014","BELL","Y","N"
"'014804","ORENDA CHARTER SCHOOL","'12","REGION 12: WACO","'014","BELL","Y","N"
"'014901","ACADEMY ISD","'12","REGION 12: WACO","'014","BELL","N","N"
"'014902","BARTLETT ISD","'13","REGION 13: AUSTIN","'014","BELL","N","N"
"'014903","BELTON ISD","'12","REGION 12: WACO","'014","BELL","N","N"
"'014905","HOLLAND ISD","'12","REGION 12: WACO","'014","BELL","N","N"
"'014906","KILLEEN ISD","'12","REGION 12: WACO","'014","BELL","N","N"
"'014907","ROGERS ISD","'12","REGION 12: WACO","'014","BELL","N","N"
"'014908","SALADO ISD","'12","REGION 12: WACO","'014","BELL","N","N"
"'014909","TEMPLE ISD","'12","REGION 12: WACO","'014","BELL","N","N"
"'014910","TROY ISD","'12","REGION 12: WACO","'014","BELL","N","N"
"'015801","POR VIDA ACADEMY","'20","REGION 20: SAN ANTONIO","'015","BEXAR","Y","Y"
"'015802","GEORGE GERVIN ACADEMY","'20","REGION 20: SAN ANTONIO","'015","BEXAR","Y","N"
"'015805","NEW FRONTIERS PUBLIC SCHOOLS INC","'20","REGION 20: SAN ANTONIO","'015","BEXAR","Y","N"
"'015806","LEGACY TRADITIONAL SCHOOLS - TEXAS","'20","REGION 20: SAN ANTONIO","'015","BEXAR","Y","N"
"'015807","SOUTHWEST PREPARATORY SCHOOL","'20","REGION 20: SAN ANTONIO","'015","BEXAR","Y","N"
"'015808","INSPIRE ACADEMIES","'20","REGION 20: SAN ANTONIO","'015","BEXAR","Y","N"
"'015809","BEXAR COUNTY ACADEMY","'20","REGION 20: SAN ANTONIO","'015","BEXAR","Y","N"
"'015814","POSITIVE SOLUTIONS CHARTER SCHOOL","'20","REGION 20: SAN ANTONIO","'015","BEXAR","Y","Y"
"'015815","HERITAGE ACADEMY","'20","REGION 20: SAN ANTONIO","'015","BEXAR","Y","Y"
"'015822","JUBILEE ACADEMIES","'20","REGION 20: SAN ANTONIO","'015","BEXAR","Y","N"
"'015825","LIGHTHOUSE PUBLIC SCHOOLS","'20","REGION 20: SAN ANTONIO","'015","BEXAR","Y","N"
"'015827","SCHOOL OF SCIENCE AND TECHNOLOGY","'20","REGION 20: SAN ANTONIO","'015","BEXAR","Y","N"
"'015828","HARMONY PUBLIC SCHOOLS - SOUTH TEXAS","'20","REGION 20: SAN ANTONIO","'015","BEXAR","Y","N"
"'015830","SOMERSET ACADEMIES OF TEXAS","'20","REGION 20: SAN ANTONIO","'015","BEXAR","Y","N"
"'015831","SCHOOL OF SCIENCE AND TECHNOLOGY DISCOVERY","'20","REGION 20: SAN ANTONIO","'015","BEXAR","Y","N"
"'015833","HENRY FORD ACADEMY ALAMEDA SCHOOL FOR ART + DESIGN","'20","REGION 20: SAN ANTONIO","'015","BEXAR","Y","N"
"'015834","BASIS TEXAS","'20","REGION 20: SAN ANTONIO","'015","BEXAR","Y","N"
"'015835","GREAT HEARTS TEXAS","'20","REGION 20: SAN ANTONIO","'015","BEXAR","Y","N"
"'015836","ELEANOR KOLITZ HEBREW LANGUAGE ACADEMY","'20","REGION 20: SAN ANTONIO","'015","BEXAR","Y","N"
"'015838","COMPASS ROSE PUBLIC SCHOOLS","'20","REGION 20: SAN ANTONIO","'015","BEXAR","Y","N"
"'015839","PROMESA ACADEMY CHARTER SCHOOL","'20","REGION 20: SAN ANTONIO","'015","BEXAR","Y","N"
"'015840","SAN ANTONIO PREPARATORY SCHOOLS","'20","REGION 20: SAN ANTONIO","'015","BEXAR","Y","N"
"'015841","THE GATHERING PLACE","'20","REGION 20: SAN ANTONIO","'015","BEXAR","Y","N"
"'015842","ROYAL PUBLIC SCHOOLS","'20","REGION 20: SAN ANTONIO","'015","BEXAR","Y","N"
"'015843","PRELUDE PREPARATORY CHARTER SCHOOL","'20","REGION 20: SAN ANTONIO","'015","BEXAR","Y","N"
"'015844","ESSENCE PREPARATORY CHARTER SCHOOL","'20","REGION 20: SAN ANTONIO","'015","BEXAR","Y","N"
"'015901","ALAMO HEIGHTS ISD","'20","REGION 20: SAN ANTONIO","'015","BEXAR","N","N"
"'015904","HARLANDALE ISD","'20","REGION 20: SAN ANTONIO","'015","BEXAR","N","N"
"'015905","EDGEWOOD ISD","'20","REGION 20: SAN ANTONIO","'015","BEXAR","N","N"
"'015906","RANDOLPH FIELD ISD","'20","REGION 20: SAN ANTONIO","'015","BEXAR","N","N"
"'015907","SAN ANTONIO ISD","'20","REGION 20: SAN ANTONIO","'015","BEXAR","N","N"
"'015908","SOUTH SAN ANTONIO ISD","'20","REGION 20: SAN ANTONIO","'015","BEXAR","N","N"
"'015909","SOMERSET ISD","'20","REGION 20: SAN ANTONIO","'015","BEXAR","N","N"
"'015910","NORTH EAST ISD","'20","REGION 20: SAN ANTONIO","'015","BEXAR","N","N"
"'015911","EAST CENTRAL ISD","'20","REGION 20: SAN ANTONIO","'015","BEXAR","N","N"
"'015912","SOUTHWEST ISD","'20","REGION 20: SAN ANTONIO","'015","BEXAR","N","N"
"'015913","LACKLAND ISD","'20","REGION 20: SAN ANTONIO","'015","BEXAR","N","N"
"'015914","FT SAM HOUSTON ISD","'20","REGION 20: SAN ANTONIO","'015","BEXAR","N","N"
"'015915","NORTHSIDE ISD","'20","REGION 20: SAN ANTONIO","'015","BEXAR","N","N"
"'015916","JUDSON ISD","'20","REGION 20: SAN ANTONIO","'015","BEXAR","N","N"
"'015917","SOUTHSIDE ISD","'20","REGION 20: SAN ANTONIO","'015","BEXAR","N","N"
"'016901","JOHNSON CITY ISD","'13","REGION 13: AUSTIN","'016","BLANCO","N","N"
"'016902","BLANCO ISD","'13","REGION 13: AUSTIN","'016","BLANCO","N","N"
"'017901","BORDEN COUNTY ISD","'17","REGION 17: LUBBOCK","'017","BORDEN","N","N"
"'018901","CLIFTON ISD","'12","REGION 12: WACO","'018","BOSQUE","N","N"
"'018902","MERIDIAN ISD","'12","REGION 12: WACO","'018","BOSQUE","N","N"
"'018903","MORGAN ISD","'12","REGION 12: WACO","'018","BOSQUE","N","N"
"'018904","VALLEY MILLS ISD","'12","REGION 12: WACO","'018","BOSQUE","N","N"
"'018905","WALNUT SPRINGS ISD","'12","REGION 12: WACO","'018","BOSQUE","N","N"
"'018906","IREDELL ISD","'12","REGION 12: WACO","'018","BOSQUE","N","N"
"'018907","KOPPERL ISD","'12","REGION 12: WACO","'018","BOSQUE","N","N"
"'018908","CRANFILLS GAP ISD","'12","REGION 12: WACO","'018","BOSQUE","N","N"
"'019901","DEKALB ISD","'08","REGION 08: MT PLEASANT","'019","BOWIE","N","N"
"'019902","HOOKS ISD","'08","REGION 08: MT PLEASANT","'019","BOWIE","N","N"
"'019903","MAUD ISD","'08","REGION 08: MT PLEASANT","'019","BOWIE","N","N"
"'019905","NEW BOSTON ISD","'08","REGION 08: MT PLEASANT","'019","BOWIE","N","N"
"'019906","REDWATER ISD","'08","REGION 08: MT PLEASANT","'019","BOWIE","N","N"
"'019907","TEXARKANA ISD","'08","REGION 08: MT PLEASANT","'019","BOWIE","N","N"
"'019908","LIBERTY-EYLAU ISD","'08","REGION 08: MT PLEASANT","'019","BOWIE","N","N"
"'019909","SIMMS ISD","'08","REGION 08: MT PLEASANT","'019","BOWIE","N","N"
"'019910","MALTA ISD","'08","REGION 08: MT PLEASANT","'019","BOWIE","N","N"
"'019911","RED LICK ISD","'08","REGION 08: MT PLEASANT","'019","BOWIE","N","N"
"'019912","PLEASANT GROVE ISD","'08","REGION 08: MT PLEASANT","'019","BOWIE","N","N"
"'019913","HUBBARD ISD","'08","REGION 08: MT PLEASANT","'019","BOWIE","N","N"
"'019914","LEARY ISD","'08","REGION 08: MT PLEASANT","'019","BOWIE","N","N"
"'020901","ALVIN ISD","'04","REGION 04: HOUSTON","'020","BRAZORIA","N","N"
"'020902","ANGLETON ISD","'04","REGION 04: HOUSTON","'020","BRAZORIA","N","N"
"'020904","DANBURY ISD","'04","REGION 04: HOUSTON","'020","BRAZORIA","N","N"
"'020905","BRAZOSPORT ISD","'04","REGION 04: HOUSTON","'020","BRAZORIA","N","N"
"'020906","SWEENY ISD","'04","REGION 04: HOUSTON","'020","BRAZORIA","N","N"
"'020907","COLUMBIA-BRAZORIA ISD","'04","REGION 04: HOUSTON","'020","BRAZORIA","N","N"
"'020908","PEARLAND ISD","'04","REGION 04: HOUSTON","'020","BRAZORIA","N","N"
"'020910","DAMON ISD","'04","REGION 04: HOUSTON","'020","BRAZORIA","N","N"
"'021803","BRAZOS SCHOOL FOR INQUIRY & CREATIVITY","'06","REGION 06: HUNTSVILLE","'021","BRAZOS","Y","N"
"'021805","ARROW ACADEMY","'06","REGION 06: HUNTSVILLE","'021","BRAZOS","Y","N"
"'021901","COLLEGE STATION ISD","'06","REGION 06: HUNTSVILLE","'021","BRAZOS","N","N"
"'021902","BRYAN ISD","'06","REGION 06: HUNTSVILLE","'021","BRAZOS","N","N"
"'022004","TERLINGUA CSD","'18","REGION 18: MIDLAND","'022","BREWSTER","N","N"
"'022901","ALPINE ISD","'18","REGION 18: MIDLAND","'022","BREWSTER","N","N"
"'022902","MARATHON ISD","'18","REGION 18: MIDLAND","'022","BREWSTER","N","N"
"'022903","SAN VICENTE ISD","'18","REGION 18: MIDLAND","'022","BREWSTER","N","N"
"'023902","SILVERTON ISD","'16","REGION 16: AMARILLO","'023","BRISCOE","N","N"
"'024901","BROOKS COUNTY ISD","'01","REGION 01: EDINBURG","'024","BROOKS","N","N"
"'025901","BANGS ISD","'15","REGION 15: SAN ANGELO","'025","BROWN","N","N"
"'025902","BROWNWOOD ISD","'15","REGION 15: SAN ANGELO","'025","BROWN","N","N"
"'025904","BLANKET ISD","'15","REGION 15: SAN ANGELO","'025","BROWN","N","N"
"'025905","MAY ISD","'15","REGION 15: SAN ANGELO","'025","BROWN","N","N"
"'025906","ZEPHYR ISD","'15","REGION 15: SAN ANGELO","'025","BROWN","N","N"
"'025908","BROOKESMITH ISD","'15","REGION 15: SAN ANGELO","'025","BROWN","N","N"
"'025909","EARLY ISD","'15","REGION 15: SAN ANGELO","'025","BROWN","N","N"
"'026901","CALDWELL ISD","'06","REGION 06: HUNTSVILLE","'026","BURLESON","N","N"
"'026902","SOMERVILLE ISD","'06","REGION 06: HUNTSVILLE","'026","BURLESON","N","N"
"'026903","SNOOK ISD","'06","REGION 06: HUNTSVILLE","'026","BURLESON","N","N"
"'027903","BURNET CISD","'13","REGION 13: AUSTIN","'027","BURNET","N","N"
"'027904","MARBLE FALLS ISD","'13","REGION 13: AUSTIN","'027","BURNET","N","N"
"'028902","LOCKHART ISD","'13","REGION 13: AUSTIN","'028","CALDWELL","N","N"
"'028903","LULING ISD","'13","REGION 13: AUSTIN","'028","CALDWELL","N","N"
"'028906","PRAIRIE LEA ISD","'13","REGION 13: AUSTIN","'028","CALDWELL","N","N"
"'029901","CALHOUN COUNTY ISD","'03","REGION 03: VICTORIA","'029","CALHOUN","N","N"
"'030901","CROSS PLAINS ISD","'14","REGION 14: ABILENE","'030","CALLAHAN","N","N"
"'030902","CLYDE CISD","'14","REGION 14: ABILENE","'030","CALLAHAN","N","N"
"'030903","BAIRD ISD","'14","REGION 14: ABILENE","'030","CALLAHAN","N","N"
"'030906","EULA ISD","'14","REGION 14: ABILENE","'030","CALLAHAN","N","N"
"'031901","BROWNSVILLE ISD","'01","REGION 01: EDINBURG","'031","CAMERON","N","N"
"'031903","HARLINGEN CISD","'01","REGION 01: EDINBURG","'031","CAMERON","N","N"
"'031905","LA FERIA ISD","'01","REGION 01: EDINBURG","'031","CAMERON","N","N"
"'031906","LOS FRESNOS CISD","'01","REGION 01: EDINBURG","'031","CAMERON","N","N"
"'031909","POINT ISABEL ISD","'01","REGION 01: EDINBURG","'031","CAMERON","N","N"
"'031911","RIO HONDO ISD","'01","REGION 01: EDINBURG","'031","CAMERON","N","N"
"'031912","SAN BENITO CISD","'01","REGION 01: EDINBURG","'031","CAMERON","N","N"
"'031913","SANTA MARIA ISD","'01","REGION 01: EDINBURG","'031","CAMERON","N","N"
"'031914","SANTA ROSA ISD","'01","REGION 01: EDINBURG","'031","CAMERON","N","N"
"'031916","SOUTH TEXAS ISD","'01","REGION 01: EDINBURG","'031","CAMERON","N","N"
"'032902","PITTSBURG ISD","'08","REGION 08: MT PLEASANT","'032","CAMP","N","N"
"'033901","GROOM ISD","'16","REGION 16: AMARILLO","'033","CARSON","N","N"
"'033902","PANHANDLE ISD","'16","REGION 16: AMARILLO","'033","CARSON","N","N"
"'033904","WHITE DEER ISD","'16","REGION 16: AMARILLO","'033","CARSON","N","N"
"'034901","ATLANTA ISD","'08","REGION 08: MT PLEASANT","'034","CASS","N","N"
"'034902","AVINGER ISD","'08","REGION 08: MT PLEASANT","'034","CASS","N","N"
"'034903","HUGHES SPRINGS ISD","'08","REGION 08: MT PLEASANT","'034","CASS","N","N"
"'034905","LINDEN-KILDARE CISD","'08","REGION 08: MT PLEASANT","'034","CASS","N","N"
"'034906","MCLEOD ISD","'08","REGION 08: MT PLEASANT","'034","CASS","N","N"
"'034907","QUEEN CITY ISD","'08","REGION 08: MT PLEASANT","'034","CASS","N","N"
"'034909","BLOOMBURG ISD","'08","REGION 08: MT PLEASANT","'034","CASS","N","N"
"'035901","DIMMITT ISD","'16","REGION 16: AMARILLO","'035","CASTRO","N","N"
"'035902","HART ISD","'16","REGION 16: AMARILLO","'035","CASTRO","N","N"
"'035903","NAZARETH ISD","'16","REGION 16: AMARILLO","'035","CASTRO","N","N"
"'036901","ANAHUAC ISD","'04","REGION 04: HOUSTON","'036","CHAMBERS","N","N"
"'036902","BARBERS HILL ISD","'04","REGION 04: HOUSTON","'036","CHAMBERS","N","N"
"'036903","EAST CHAMBERS ISD","'05","REGION 05: BEAUMONT","'036","CHAMBERS","N","N"
"'037901","ALTO ISD","'07","REGION 07: KILGORE","'037","CHEROKEE","N","N"
"'037904","JACKSONVILLE ISD","'07","REGION 07: KILGORE","'037","CHEROKEE","N","N"
"'037907","RUSK ISD","'07","REGION 07: KILGORE","'037","CHEROKEE","N","N"
"'037908","NEW SUMMERFIELD ISD","'07","REGION 07: KILGORE","'037","CHEROKEE","N","N"
"'037909","WELLS ISD","'07","REGION 07: KILGORE","'037","CHEROKEE","N","N"
"'038901","CHILDRESS ISD","'16","REGION 16: AMARILLO","'038","CHILDRESS","N","N"
"'039902","HENRIETTA ISD","'09","REGION 09: WICHITA FALLS","'039","CLAY","N","N"
"'039903","PETROLIA CISD","'09","REGION 09: WICHITA FALLS","'039","CLAY","N","N"
"'039904","BELLEVUE ISD","'09","REGION 09: WICHITA FALLS","'039","CLAY","N","N"
"'039905","MIDWAY ISD","'09","REGION 09: WICHITA FALLS","'039","CLAY","N","N"
"'040901","MORTON ISD","'17","REGION 17: LUBBOCK","'040","COCHRAN","N","N"
"'040902","WHITEFACE CISD","'17","REGION 17: LUBBOCK","'040","COCHRAN","N","N"
"'041901","BRONTE ISD","'15","REGION 15: SAN ANGELO","'041","COKE","N","N"
"'041902","ROBERT LEE ISD","'15","REGION 15: SAN ANGELO","'041","COKE","N","N"
"'042901","COLEMAN ISD","'15","REGION 15: SAN ANGELO","'042","COLEMAN","N","N"
"'042903","SANTA ANNA ISD","'15","REGION 15: SAN ANGELO","'042","COLEMAN","N","N"
"'042905","PANTHER CREEK CISD","'15","REGION 15: SAN ANGELO","'042","COLEMAN","N","N"
"'043801","IMAGINE INTERNATIONAL ACADEMY OF NORTH TEXAS","'10","REGION 10: RICHARDSON","'043","COLLIN","Y","N"
"'043802","LONE STAR LANGUAGE ACADEMY","'10","REGION 10: RICHARDSON","'043","COLLIN","Y","N"
"'043901","ALLEN ISD","'10","REGION 10: RICHARDSON","'043","COLLIN","N","N"
"'043902","ANNA ISD","'10","REGION 10: RICHARDSON","'043","COLLIN","N","N"
"'043903","CELINA ISD","'10","REGION 10: RICHARDSON","'043","COLLIN","N","N"
"'043904","FARMERSVILLE ISD","'10","REGION 10: RICHARDSON","'043","COLLIN","N","N"
"'043905","FRISCO ISD","'10","REGION 10: RICHARDSON","'043","COLLIN","N","N"
"'043907","MCKINNEY ISD","'10","REGION 10: RICHARDSON","'043","COLLIN","N","N"
"'043908","MELISSA ISD","'10","REGION 10: RICHARDSON","'043","COLLIN","N","N"
"'043910","PLANO ISD","'10","REGION 10: RICHARDSON","'043","COLLIN","N","N"
"'043911","PRINCETON ISD","'10","REGION 10: RICHARDSON","'043","COLLIN","N","N"
"'043912","PROSPER ISD","'10","REGION 10: RICHARDSON","'043","COLLIN","N","N"
"'043914","WYLIE ISD","'10","REGION 10: RICHARDSON","'043","COLLIN","N","N"
"'043917","BLUE RIDGE ISD","'10","REGION 10: RICHARDSON","'043","COLLIN","N","N"
"'043918","COMMUNITY ISD","'10","REGION 10: RICHARDSON","'043","COLLIN","N","N"
"'043919","LOVEJOY ISD","'10","REGION 10: RICHARDSON","'043","COLLIN","N","N"
"'044902","WELLINGTON ISD","'16","REGION 16: AMARILLO","'044","COLLINGSWORTH","N","N"
"'045902","COLUMBUS ISD","'04","REGION 04: HOUSTON","'045","COLORADO","N","N"
"'045903","RICE CISD","'03","REGION 03: VICTORIA","'045","COLORADO","N","N"
"'045905","WEIMAR ISD","'03","REGION 03: VICTORIA","'045","COLORADO","N","N"
"'046802","TRINITY CHARTER SCHOOL","'20","REGION 20: SAN ANTONIO","'046","COMAL","Y","Y"
"'046901","NEW BRAUNFELS ISD","'20","REGION 20: SAN ANTONIO","'046","COMAL","N","N"
"'046902","COMAL ISD","'20","REGION 20: SAN ANTONIO","'046","COMAL","N","N"
"'047901","COMANCHE ISD","'14","REGION 14: ABILENE","'047","COMANCHE","N","N"
"'047902","DE LEON ISD","'14","REGION 14: ABILENE","'047","COMANCHE","N","N"
"'047903","GUSTINE ISD","'14","REGION 14: ABILENE","'047","COMANCHE","N","N"
"'047905","SIDNEY ISD","'14","REGION 14: ABILENE","'047","COMANCHE","N","N"
"'048901","EDEN CISD","'15","REGION 15: SAN ANGELO","'048","CONCHO","N","N"
"'048903","PAINT ROCK ISD","'15","REGION 15: SAN ANGELO","'048","CONCHO","N","N"
"'049901","GAINESVILLE ISD","'11","REGION 11: FORT WORTH","'049","COOKE","N","N"
"'049902","MUENSTER ISD","'11","REGION 11: FORT WORTH","'049","COOKE","N","N"
"'049903","VALLEY VIEW ISD","'11","REGION 11: FORT WORTH","'049","COOKE","N","N"
"'049905","CALLISBURG ISD","'11","REGION 11: FORT WORTH","'049","COOKE","N","N"
"'049906","ERA ISD","'11","REGION 11: FORT WORTH","'049","COOKE","N","N"
"'049907","LINDSAY ISD","'11","REGION 11: FORT WORTH","'049","COOKE","N","N"
"'049908","WALNUT BEND ISD","'11","REGION 11: FORT WORTH","'049","COOKE","N","N"
"'049909","SIVELLS BEND ISD","'11","REGION 11: FORT WORTH","'049","COOKE","N","N"
"'050901","EVANT ISD","'12","REGION 12: WACO","'050","CORYELL","N","N"
"'050902","GATESVILLE ISD","'12","REGION 12: WACO","'050","CORYELL","N","N"
"'050904","OGLESBY ISD","'12","REGION 12: WACO","'050","CORYELL","N","N"
"'050909","JONESBORO ISD","'12","REGION 12: WACO","'050","CORYELL","N","N"
"'050910","COPPERAS COVE ISD","'12","REGION 12: WACO","'050","CORYELL","N","N"
"'051901","PADUCAH ISD","'17","REGION 17: LUBBOCK","'051","COTTLE","N","N"
"'052901","CRANE ISD","'15","REGION 15: SAN ANGELO","'052","CRANE","N","N"
"'053001","CROCKETT COUNTY CONSOLIDATED CSD","'15","REGION 15: SAN ANGELO","'053","CROCKETT","N","N"
"'054901","CROSBYTON CISD","'17","REGION 17: LUBBOCK","'054","CROSBY","N","N"
"'054902","LORENZO ISD","'17","REGION 17: LUBBOCK","'054","CROSBY","N","N"
"'054903","RALLS ISD","'17","REGION 17: LUBBOCK","'054","CROSBY","N","N"
"'055901","CULBERSON COUNTY-ALLAMOORE ISD","'18","REGION 18: MIDLAND","'055","CULBERSON","N","N"
"'056901","DALHART ISD","'16","REGION 16: AMARILLO","'056","DALLAM","N","N"
"'056902","TEXLINE ISD","'16","REGION 16: AMARILLO","'056","DALLAM","N","N"
"'057802","PEGASUS SCHOOL OF LIBERAL ARTS AND SCIENCES","'10","REGION 10: RICHARDSON","'057","DALLAS","Y","N"
"'057803","UPLIFT EDUCATION","'10","REGION 10: RICHARDSON","'057","DALLAS","Y","N"
"'057804","TEXANS CAN ACADEMIES","'10","REGION 10: RICHARDSON","'057","DALLAS","Y","Y"
"'057806","ADVANTAGE ACADEMY","'10","REGION 10: RICHARDSON","'057","DALLAS","Y","N"
"'057807","LIFE SCHOOL","'10","REGION 10: RICHARDSON","'057","DALLAS","Y","N"
"'057808","UNIVERSAL ACADEMY","'10","REGION 10: RICHARDSON","'057","DALLAS","Y","N"
"'057809","NOVA ACADEMY","'10","REGION 10: RICHARDSON","'057","DALLAS","Y","N"
"'057810","ACADEMY OF DALLAS","'10","REGION 10: RICHARDSON","'057","DALLAS","Y","N"
"'057813","TRINITY BASIN PREPARATORY","'10","REGION 10: RICHARDSON","'057","DALLAS","Y","N"
"'057814","ACADEMY FOR ACADEMIC EXCELLENCE","'10","REGION 10: RICHARDSON","'057","DALLAS","Y","Y"
"'057816","A W BROWN LEADERSHIP ACADEMY","'10","REGION 10: RICHARDSON","'057","DALLAS","Y","N"
"'057819","JEAN MASSIEU ACADEMY","'10","REGION 10: RICHARDSON","'057","DALLAS","Y","N"
"'057827","NOVA ACADEMY SOUTHEAST","'10","REGION 10: RICHARDSON","'057","DALLAS","Y","N"
"'057828","WINFREE ACADEMY CHARTER SCHOOLS","'10","REGION 10: RICHARDSON","'057","DALLAS","Y","Y"
"'057829","A+ ACADEMY","'10","REGION 10: RICHARDSON","'057","DALLAS","Y","N"
"'057830","INSPIRED VISION ACADEMY","'10","REGION 10: RICHARDSON","'057","DALLAS","Y","N"
"'057831","GATEWAY CHARTER ACADEMY","'10","REGION 10: RICHARDSON","'057","DALLAS","Y","N"
"'057833","EDUCATION CENTER INTERNATIONAL ACADEMY","'10","REGION 10: RICHARDSON","'057","DALLAS","Y","N"
"'057834","EVOLUTION ACADEMY CHARTER SCHOOL","'10","REGION 10: RICHARDSON","'057","DALLAS","Y","Y"
"'057835","GOLDEN RULE CHARTER SCHOOL","'10","REGION 10: RICHARDSON","'057","DALLAS","Y","N"
"'057836","ST ANTHONY SCHOOL","'10","REGION 10: RICHARDSON","'057","DALLAS","Y","N"
"'057839","LA ACADEMIA DE ESTRELLAS","'10","REGION 10: RICHARDSON","'057","DALLAS","Y","N"
"'057840","RICHLAND COLLEGIATE HIGH SCHOOL","'10","REGION 10: RICHARDSON","'057","DALLAS","Y","N"
"'057841","CITYSCAPE SCHOOLS","'10","REGION 10: RICHARDSON","'057","DALLAS","Y","N"
"'057844","MANARA ACADEMY","'10","REGION 10: RICHARDSON","'057","DALLAS","Y","N"
"'057845","UME PREPARATORY ACADEMY","'10","REGION 10: RICHARDSON","'057","DALLAS","Y","N"
"'057846","LEGACY PREPARATORY","'10","REGION 10: RICHARDSON","'057","DALLAS","Y","N"
"'057847","VILLAGE TECH SCHOOLS","'10","REGION 10: RICHARDSON","'057","DALLAS","Y","N"
"'057848","INTERNATIONAL LEADERSHIP OF TEXAS (ILTEXAS)","'10","REGION 10: RICHARDSON","'057","DALLAS","Y","N"
"'057850","PIONEER TECHNOLOGY & ARTS ACADEMY","'10","REGION 10: RICHARDSON","'057","DALLAS","Y","N"
"'057851","BRIDGEWAY PREPARATORY ACADEMY","'10","REGION 10: RICHARDSON","'057","DALLAS","Y","N"
"'057903","CARROLLTON-FARMERS BRANCH ISD","'10","REGION 10: RICHARDSON","'057","DALLAS","N","N"
"'057904","CEDAR HILL ISD","'10","REGION 10: RICHARDSON","'057","DALLAS","N","N"
"'057905","DALLAS ISD","'10","REGION 10: RICHARDSON","'057","DALLAS","N","N"
"'057906","DESOTO ISD","'10","REGION 10: RICHARDSON","'057","DALLAS","N","N"
"'057907","DUNCANVILLE ISD","'10","REGION 10: RICHARDSON","'057","DALLAS","N","N"
"'057909","GARLAND ISD","'10","REGION 10: RICHARDSON","'057","DALLAS","N","N"
"'057910","GRAND PRAIRIE ISD","'10","REGION 10: RICHARDSON","'057","DALLAS","N","N"
"'057911","HIGHLAND PARK ISD","'10","REGION 10: RICHARDSON","'057","DALLAS","N","N"
"'057912","IRVING ISD","'10","REGION 10: RICHARDSON","'057","DALLAS","N","N"
"'057913","LANCASTER ISD","'10","REGION 10: RICHARDSON","'057","DALLAS","N","N"
"'057914","MESQUITE ISD","'10","REGION 10: RICHARDSON","'057","DALLAS","N","N"
"'057916","RICHARDSON ISD","'10","REGION 10: RICHARDSON","'057","DALLAS","N","N"
"'057919","SUNNYVALE ISD","'10","REGION 10: RICHARDSON","'057","DALLAS","N","N"
"'057922","COPPELL ISD","'10","REGION 10: RICHARDSON","'057","DALLAS","N","N"
"'058902","DAWSON ISD","'17","REGION 17: LUBBOCK","'058","DAWSON","N","N"
"'058905","KLONDIKE ISD","'17","REGION 17: LUBBOCK","'058","DAWSON","N","N"
"'058906","LAMESA ISD","'17","REGION 17: LUBBOCK","'058","DAWSON","N","N"
"'058909","SANDS CISD","'17","REGION 17: LUBBOCK","'058","DAWSON","N","N"
"'059901","HEREFORD ISD","'16","REGION 16: AMARILLO","'059","DEAF SMITH","N","N"
"'059902","WALCOTT ISD","'16","REGION 16: AMARILLO","'059","DEAF SMITH","N","N"
"'060902","COOPER ISD","'08","REGION 08: MT PLEASANT","'060","DELTA","N","N"
"'060914","FANNINDEL ISD","'08","REGION 08: MT PLEASANT","'060","DELTA","N","N"
"'061802","NORTH TEXAS COLLEGIATE ACADEMY","'11","REGION 11: FORT WORTH","'061","DENTON","Y","N"
"'061804","LEADERSHIP PREP SCHOOL","'10","REGION 10: RICHARDSON","'061","DENTON","Y","N"
"'061805","TRIVIUM ACADEMY","'11","REGION 11: FORT WORTH","'061","DENTON","Y","N"
"'061901","DENTON ISD","'11","REGION 11: FORT WORTH","'061","DENTON","N","N"
"'061902","LEWISVILLE ISD","'11","REGION 11: FORT WORTH","'061","DENTON","N","N"
"'061903","PILOT POINT ISD","'11","REGION 11: FORT WORTH","'061","DENTON","N","N"
"'061905","KRUM ISD","'11","REGION 11: FORT WORTH","'061","DENTON","N","N"
"'061906","PONDER ISD","'11","REGION 11: FORT WORTH","'061","DENTON","N","N"
"'061907","AUBREY ISD","'11","REGION 11: FORT WORTH","'061","DENTON","N","N"
"'061908","SANGER ISD","'11","REGION 11: FORT WORTH","'061","DENTON","N","N"
"'061910","ARGYLE ISD","'11","REGION 11: FORT WORTH","'061","DENTON","N","N"
"'061911","NORTHWEST ISD","'11","REGION 11: FORT WORTH","'061","DENTON","N","N"
"'061912","LAKE DALLAS ISD","'11","REGION 11: FORT WORTH","'061","DENTON","N","N"
"'061914","LITTLE ELM ISD","'11","REGION 11: FORT WORTH","'061","DENTON","N","N"
"'062901","CUERO ISD","'03","REGION 03: VICTORIA","'062","DEWITT","N","N"
"'062902","NORDHEIM ISD","'03","REGION 03: VICTORIA","'062","DEWITT","N","N"
"'062903","YOAKUM ISD","'03","REGION 03: VICTORIA","'062","DEWITT","N","N"
"'062904","YORKTOWN ISD","'03","REGION 03: VICTORIA","'062","DEWITT","N","N"
"'062905","WESTHOFF ISD","'03","REGION 03: VICTORIA","'062","DEWITT","N","N"
"'062906","MEYERSVILLE ISD","'03","REGION 03: VICTORIA","'062","DEWITT","N","N"
"'063903","SPUR ISD","'17","REGION 17: LUBBOCK","'063","DICKENS","N","N"
"'063906","PATTON SPRINGS ISD","'17","REGION 17: LUBBOCK","'063","DICKENS","N","N"
"'064903","CARRIZO SPRINGS CISD","'20","REGION 20: SAN ANTONIO","'064","DIMMIT","N","N"
"'065901","CLARENDON ISD","'16","REGION 16: AMARILLO","'065","DONLEY","N","N"
"'065902","HEDLEY ISD","'16","REGION 16: AMARILLO","'065","DONLEY","N","N"
"'066005","RAMIREZ CSD","'02","REGION 02: CORPUS CHRISTI","'066","DUVAL","N","N"
"'066901","BENAVIDES ISD","'02","REGION 02: CORPUS CHRISTI","'066","DUVAL","N","N"
"'066902","SAN DIEGO ISD","'02","REGION 02: CORPUS CHRISTI","'066","DUVAL","N","N"
"'066903","FREER ISD","'02","REGION 02: CORPUS CHRISTI","'066","DUVAL","N","N"
"'067902","CISCO ISD","'14","REGION 14: ABILENE","'067","EASTLAND","N","N"
"'067903","EASTLAND ISD","'14","REGION 14: ABILENE","'067","EASTLAND","N","N"
"'067904","GORMAN ISD","'14","REGION 14: ABILENE","'067","EASTLAND","N","N"
"'067907","RANGER ISD","'14","REGION 14: ABILENE","'067","EASTLAND","N","N"
"'067908","RISING STAR ISD","'14","REGION 14: ABILENE","'067","EASTLAND","N","N"
"'068802","COMPASS ACADEMY CHARTER SCHOOL","'18","REGION 18: MIDLAND","'068","ECTOR","Y","N"
"'068901","ECTOR COUNTY ISD","'18","REGION 18: MIDLAND","'068","ECTOR","N","N"
"'069901","ROCKSPRINGS ISD","'15","REGION 15: SAN ANGELO","'069","EDWARDS","N","N"
"'069902","NUECES CANYON CISD","'15","REGION 15: SAN ANGELO","'069","EDWARDS","N","N"
"'070801","FAITH FAMILY ACADEMY","'10","REGION 10: RICHARDSON","'070","ELLIS","Y","N"
"'070901","AVALON ISD","'10","REGION 10: RICHARDSON","'070","ELLIS","N","N"
"'070903","ENNIS ISD","'10","REGION 10: RICHARDSON","'070","ELLIS","N","N"
"'070905","FERRIS ISD","'10","REGION 10: RICHARDSON","'070","ELLIS","N","N"
"'070907","ITALY ISD","'10","REGION 10: RICHARDSON","'070","ELLIS","N","N"
"'070908","MIDLOTHIAN ISD","'10","REGION 10: RICHARDSON","'070","ELLIS","N","N"
"'070909","MILFORD ISD","'10","REGION 10: RICHARDSON","'070","ELLIS","N","N"
"'070910","PALMER ISD","'10","REGION 10: RICHARDSON","'070","ELLIS","N","N"
"'070911","RED OAK ISD","'10","REGION 10: RICHARDSON","'070","ELLIS","N","N"
"'070912","WAXAHACHIE ISD","'10","REGION 10: RICHARDSON","'070","ELLIS","N","N"
"'070915","MAYPEARL ISD","'10","REGION 10: RICHARDSON","'070","ELLIS","N","N"
"'071801","BURNHAM WOOD CHARTER SCHOOL DISTRICT","'19","REGION 19: EL PASO","'071","EL PASO","Y","N"
"'071803","TRIUMPH PUBLIC HIGH SCHOOLS-EL PASO","'19","REGION 19: EL PASO","'071","EL PASO","Y","Y"
"'071804","EL PASO ACADEMY","'19","REGION 19: EL PASO","'071","EL PASO","Y","Y"
"'071806","HARMONY PUBLIC SCHOOLS - WEST TEXAS","'19","REGION 19: EL PASO","'071","EL PASO","Y","N"
"'071807","LA FE PREPARATORY SCHOOL","'19","REGION 19: EL PASO","'071","EL PASO","Y","N"
"'071809","VISTA DEL FUTURO CHARTER SCHOOL","'19","REGION 19: EL PASO","'071","EL PASO","Y","N"
"'071810","EL PASO LEADERSHIP ACADEMY","'19","REGION 19: EL PASO","'071","EL PASO","Y","N"
"'071901","CLINT ISD","'19","REGION 19: EL PASO","'071","EL PASO","N","N"
"'071902","EL PASO ISD","'19","REGION 19: EL PASO","'071","EL PASO","N","N"
"'071903","FABENS ISD","'19","REGION 19: EL PASO","'071","EL PASO","N","N"
"'071904","SAN ELIZARIO ISD","'19","REGION 19: EL PASO","'071","EL PASO","N","N"
"'071905","YSLETA ISD","'19","REGION 19: EL PASO","'071","EL PASO","N","N"
"'071906","ANTHONY ISD","'19","REGION 19: EL PASO","'071","EL PASO","N","N"
"'071907","CANUTILLO ISD","'19","REGION 19: EL PASO","'071","EL PASO","N","N"
"'071908","TORNILLO ISD","'19","REGION 19: EL PASO","'071","EL PASO","N","N"
"'071909","SOCORRO ISD","'19","REGION 19: EL PASO","'071","EL PASO","N","N"
"'072801","PREMIER HIGH SCHOOLS","'11","REGION 11: FORT WORTH","'072","ERATH","Y","Y"
"'072802","ERATH EXCELS ACADEMY INC","'11","REGION 11: FORT WORTH","'072","ERATH","Y","Y"
"'072901","THREE WAY ISD","'11","REGION 11: FORT WORTH","'072","ERATH","N","N"
"'072902","DUBLIN ISD","'11","REGION 11: FORT WORTH","'072","ERATH","N","N"
"'072903","STEPHENVILLE ISD","'11","REGION 11: FORT WORTH","'072","ERATH","N","N"
"'072904","BLUFF DALE ISD","'11","REGION 11: FORT WORTH","'072","ERATH","N","N"
"'072908","HUCKABAY ISD","'11","REGION 11: FORT WORTH","'072","ERATH","N","N"
"'072909","LINGLEVILLE ISD","'11","REGION 11: FORT WORTH","'072","ERATH","N","N"
"'072910","MORGAN MILL ISD","'11","REGION 11: FORT WORTH","'072","ERATH","N","N"
"'073901","CHILTON ISD","'12","REGION 12: WACO","'073","FALLS","N","N"
"'073903","MARLIN ISD","'12","REGION 12: WACO","'073","FALLS","N","N"
"'073904","WESTPHALIA ISD","'12","REGION 12: WACO","'073","FALLS","N","N"
"'073905","ROSEBUD-LOTT ISD","'12","REGION 12: WACO","'073","FALLS","N","N"
"'074903","BONHAM ISD","'10","REGION 10: RICHARDSON","'074","FANNIN","N","N"
"'074904","DODD CITY ISD","'10","REGION 10: RICHARDSON","'074","FANNIN","N","N"
"'074905","ECTOR ISD","'10","REGION 10: RICHARDSON","'074","FANNIN","N","N"
"'074907","HONEY GROVE ISD","'08","REGION 08: MT PLEASANT","'074","FANNIN","N","N"
"'074909","LEONARD ISD","'10","REGION 10: RICHARDSON","'074","FANNIN","N","N"
"'074911","SAVOY ISD","'10","REGION 10: RICHARDSON","'074","FANNIN","N","N"
"'074912","TRENTON ISD","'10","REGION 10: RICHARDSON","'074","FANNIN","N","N"
"'074917","SAM RAYBURN ISD","'10","REGION 10: RICHARDSON","'074","FANNIN","N","N"
"'075901","FLATONIA ISD","'13","REGION 13: AUSTIN","'075","FAYETTE","N","N"
"'075902","LA GRANGE ISD","'13","REGION 13: AUSTIN","'075","FAYETTE","N","N"
"'075903","SCHULENBURG ISD","'13","REGION 13: AUSTIN","'075","FAYETTE","N","N"
"'075906","FAYETTEVILLE ISD","'13","REGION 13: AUSTIN","'075","FAYETTE","N","N"
"'075908","ROUND TOP-CARMINE ISD","'13","REGION 13: AUSTIN","'075","FAYETTE","N","N"
"'076903","ROBY CISD","'14","REGION 14: ABILENE","'076","FISHER","N","N"
"'076904","ROTAN ISD","'14","REGION 14: ABILENE","'076","FISHER","N","N"
"'077901","FLOYDADA COLLEGIATE ISD","'17","REGION 17: LUBBOCK","'077","FLOYD","N","N"
"'077902","LOCKNEY ISD","'17","REGION 17: LUBBOCK","'077","FLOYD","N","N"
"'078901","CROWELL ISD","'09","REGION 09: WICHITA FALLS","'078","FOARD","N","N"
"'079901","LAMAR CISD","'04","REGION 04: HOUSTON","'079","FORT BEND","N","N"
"'079906","NEEDVILLE ISD","'04","REGION 04: HOUSTON","'079","FORT BEND","N","N"
"'079907","FORT BEND ISD","'04","REGION 04: HOUSTON","'079","FORT BEND","N","N"
"'079910","STAFFORD MSD","'04","REGION 04: HOUSTON","'079","FORT BEND","N","N"
"'080901","MOUNT VERNON ISD","'08","REGION 08: MT PLEASANT","'080","FRANKLIN","N","N"
"'081902","FAIRFIELD ISD","'12","REGION 12: WACO","'081","FREESTONE","N","N"
"'081904","TEAGUE ISD","'12","REGION 12: WACO","'081","FREESTONE","N","N"
"'081905","WORTHAM ISD","'12","REGION 12: WACO","'081","FREESTONE","N","N"
"'081906","DEW ISD","'12","REGION 12: WACO","'081","FREESTONE","N","N"
"'082902","DILLEY ISD","'20","REGION 20: SAN ANTONIO","'082","FRIO","N","N"
"'082903","PEARSALL ISD","'20","REGION 20: SAN ANTONIO","'082","FRIO","N","N"
"'083901","SEAGRAVES ISD","'17","REGION 17: LUBBOCK","'083","GAINES","N","N"
"'083902","LOOP ISD","'17","REGION 17: LUBBOCK","'083","GAINES","N","N"
"'083903","SEMINOLE ISD","'17","REGION 17: LUBBOCK","'083","GAINES","N","N"
"'084802","ODYSSEY ACADEMY INC","'04","REGION 04: HOUSTON","'084","GALVESTON","Y","N"
"'084804","AMBASSADORS PREPARATORY ACADEMY","'04","REGION 04: HOUSTON","'084","GALVESTON","Y","N"
"'084901","DICKINSON ISD","'04","REGION 04: HOUSTON","'084","GALVESTON","N","N"
"'084902","GALVESTON ISD","'04","REGION 04: HOUSTON","'084","GALVESTON","N","N"
"'084903","HIGH ISLAND ISD","'05","REGION 05: BEAUMONT","'084","GALVESTON","N","N"
"'084906","TEXAS CITY ISD","'04","REGION 04: HOUSTON","'084","GALVESTON","N","N"
"'084908","HITCHCOCK ISD","'04","REGION 04: HOUSTON","'084","GALVESTON","N","N"
"'084909","SANTA FE ISD","'04","REGION 04: HOUSTON","'084","GALVESTON","N","N"
"'084910","CLEAR CREEK ISD","'04","REGION 04: HOUSTON","'084","GALVESTON","N","N"
"'084911","FRIENDSWOOD ISD","'04","REGION 04: HOUSTON","'084","GALVESTON","N","N"
"'085902","POST ISD","'17","REGION 17: LUBBOCK","'085","GARZA","N","N"
"'085903","SOUTHLAND ISD","'17","REGION 17: LUBBOCK","'085","GARZA","N","N"
"'086024","DOSS CONSOLIDATED CSD","'13","REGION 13: AUSTIN","'086","GILLESPIE","N","N"
"'086901","FREDERICKSBURG ISD","'13","REGION 13: AUSTIN","'086","GILLESPIE","N","N"
"'086902","HARPER ISD","'15","REGION 15: SAN ANGELO","'086","GILLESPIE","N","N"
"'087901","GLASSCOCK COUNTY ISD","'18","REGION 18: MIDLAND","'087","GLASSCOCK","N","N"
"'088902","GOLIAD ISD","'03","REGION 03: VICTORIA","'088","GOLIAD","N","N"
"'089901","GONZALES ISD","'13","REGION 13: AUSTIN","'089","GONZALES","N","N"
"'089903","NIXON-SMILEY CISD","'13","REGION 13: AUSTIN","'089","GONZALES","N","N"
"'089905","WAELDER ISD","'13","REGION 13: AUSTIN","'089","GONZALES","N","N"
"'090902","LEFORS ISD","'16","REGION 16: AMARILLO","'090","GRAY","N","N"
"'090903","MCLEAN ISD","'16","REGION 16: AMARILLO","'090","GRAY","N","N"
"'090904","PAMPA ISD","'16","REGION 16: AMARILLO","'090","GRAY","N","N"
"'090905","GRANDVIEW-HOPKINS ISD","'16","REGION 16: AMARILLO","'090","GRAY","N","N"
"'091901","BELLS ISD","'10","REGION 10: RICHARDSON","'091","GRAYSON","N","N"
"'091902","COLLINSVILLE ISD","'10","REGION 10: RICHARDSON","'091","GRAYSON","N","N"
"'091903","DENISON ISD","'10","REGION 10: RICHARDSON","'091","GRAYSON","N","N"
"'091905","HOWE ISD","'10","REGION 10: RICHARDSON","'091","GRAYSON","N","N"
"'091906","SHERMAN ISD","'10","REGION 10: RICHARDSON","'091","GRAYSON","N","N"
"'091907","TIOGA ISD","'10","REGION 10: RICHARDSON","'091","GRAYSON","N","N"
"'091908","VAN ALSTYNE ISD","'10","REGION 10: RICHARDSON","'091","GRAYSON","N","N"
"'091909","WHITESBORO ISD","'10","REGION 10: RICHARDSON","'091","GRAYSON","N","N"
"'091910","WHITEWRIGHT ISD","'10","REGION 10: RICHARDSON","'091","GRAYSON","N","N"
"'091913","POTTSBORO ISD","'10","REGION 10: RICHARDSON","'091","GRAYSON","N","N"
"'091914","S AND S CISD","'10","REGION 10: RICHARDSON","'091","GRAYSON","N","N"
"'091917","GUNTER ISD","'10","REGION 10: RICHARDSON","'091","GRAYSON","N","N"
"'091918","TOM BEAN ISD","'10","REGION 10: RICHARDSON","'091","GRAYSON","N","N"
"'092801","EAST TEXAS CHARTER SCHOOLS","'07","REGION 07: KILGORE","'092","GREGG","Y","Y"
"'092901","GLADEWATER ISD","'07","REGION 07: KILGORE","'092","GREGG","N","N"
"'092902","KILGORE ISD","'07","REGION 07: KILGORE","'092","GREGG","N","N"
"'092903","LONGVIEW ISD","'07","REGION 07: KILGORE","'092","GREGG","N","N"
"'092904","PINE TREE ISD","'07","REGION 07: KILGORE","'092","GREGG","N","N"
"'092906","SABINE ISD","'07","REGION 07: KILGORE","'092","GREGG","N","N"
"'092907","SPRING HILL ISD","'07","REGION 07: KILGORE","'092","GREGG","N","N"
"'092908","WHITE OAK ISD","'07","REGION 07: KILGORE","'092","GREGG","N","N"
"'093901","ANDERSON-SHIRO CISD","'06","REGION 06: HUNTSVILLE","'093","GRIMES","N","N"
"'093903","IOLA ISD","'06","REGION 06: HUNTSVILLE","'093","GRIMES","N","N"
"'093904","NAVASOTA ISD","'06","REGION 06: HUNTSVILLE","'093","GRIMES","N","N"
"'093905","RICHARDS ISD","'06","REGION 06: HUNTSVILLE","'093","GRIMES","N","N"
"'094901","SEGUIN ISD","'20","REGION 20: SAN ANTONIO","'094","GUADALUPE","N","N"
"'094902","SCHERTZ-CIBOLO-U CITY ISD","'20","REGION 20: SAN ANTONIO","'094","GUADALUPE","N","N"
"'094903","NAVARRO ISD","'20","REGION 20: SAN ANTONIO","'094","GUADALUPE","N","N"
"'094904","MARION ISD","'20","REGION 20: SAN ANTONIO","'094","GUADALUPE","N","N"
"'095901","ABERNATHY ISD","'17","REGION 17: LUBBOCK","'095","HALE","N","N"
"'095902","COTTON CENTER ISD","'17","REGION 17: LUBBOCK","'095","HALE","N","N"
"'095903","HALE CENTER ISD","'17","REGION 17: LUBBOCK","'095","HALE","N","N"
"'095904","PETERSBURG ISD","'17","REGION 17: LUBBOCK","'095","HALE","N","N"
"'095905","PLAINVIEW ISD","'17","REGION 17: LUBBOCK","'095","HALE","N","N"
"'096904","MEMPHIS ISD","'16","REGION 16: AMARILLO","'096","HALL","N","N"
"'096905","TURKEY-QUITAQUE ISD","'16","REGION 16: AMARILLO","'096","HALL","N","N"
"'097902","HAMILTON ISD","'12","REGION 12: WACO","'097","HAMILTON","N","N"
"'097903","HICO ISD","'12","REGION 12: WACO","'097","HAMILTON","N","N"
"'098901","GRUVER ISD","'16","REGION 16: AMARILLO","'098","HANSFORD","N","N"
"'098903","PRINGLE-MORSE CISD","'16","REGION 16: AMARILLO","'098","HANSFORD","N","N"
"'098904","SPEARMAN ISD","'16","REGION 16: AMARILLO","'098","HANSFORD","N","N"
"'099902","CHILLICOTHE ISD","'09","REGION 09: WICHITA FALLS","'099","HARDEMAN","N","N"
"'099903","QUANAH ISD","'09","REGION 09: WICHITA FALLS","'099","HARDEMAN","N","N"
"'100903","KOUNTZE ISD","'05","REGION 05: BEAUMONT","'100","HARDIN","N","N"
"'100904","SILSBEE ISD","'05","REGION 05: BEAUMONT","'100","HARDIN","N","N"
"'100905","HARDIN-JEFFERSON ISD","'05","REGION 05: BEAUMONT","'100","HARDIN","N","N"
"'100907","LUMBERTON ISD","'05","REGION 05: BEAUMONT","'100","HARDIN","N","N"
"'100908","WEST HARDIN COUNTY CISD","'05","REGION 05: BEAUMONT","'100","HARDIN","N","N"
"'101802","SER-NINOS CHARTER SCHOOL","'04","REGION 04: HOUSTON","'101","HARRIS","Y","N"
"'101803","ARISTOI CLASSICAL ACADEMY","'04","REGION 04: HOUSTON","'101","HARRIS","Y","N"
"'101804","GEORGE I SANCHEZ CHARTER","'04","REGION 04: HOUSTON","'101","HARRIS","Y","N"
"'101806","RAUL YZAGUIRRE SCHOOLS FOR SUCCESS","'04","REGION 04: HOUSTON","'101","HARRIS","Y","N"
"'101810","ACADEMY OF ACCELERATED LEARNING INC","'04","REGION 04: HOUSTON","'101","HARRIS","Y","N"
"'101811","EXCEL ACADEMY","'04","REGION 04: HOUSTON","'101","HARRIS","Y","Y"
"'101814","THE VARNETT PUBLIC SCHOOL","'04","REGION 04: HOUSTON","'101","HARRIS","Y","N"
"'101815","ALIEF MONTESSORI COMMUNITY SCHOOL","'04","REGION 04: HOUSTON","'101","HARRIS","Y","N"
"'101819","AMIGOS POR VIDA-FRIENDS FOR LIFE PUB CHTR SCH","'04","REGION 04: HOUSTON","'101","HARRIS","Y","N"
"'101821","HOUSTON HEIGHTS HIGH SCHOOL","'04","REGION 04: HOUSTON","'101","HARRIS","Y","Y"
"'101828","HOUSTON GATEWAY ACADEMY INC","'04","REGION 04: HOUSTON","'101","HARRIS","Y","N"
"'101837","CALVIN NELMS CHARTER SCHOOLS","'04","REGION 04: HOUSTON","'101","HARRIS","Y","N"
"'101838","SOUTHWEST PUBLIC SCHOOLS","'04","REGION 04: HOUSTON","'101","HARRIS","Y","N"
"'101840","TWO DIMENSIONS PREPARATORY ACADEMY","'04","REGION 04: HOUSTON","'101","HARRIS","Y","N"
"'101842","COMQUEST ACADEMY","'04","REGION 04: HOUSTON","'101","HARRIS","Y","N"
"'101845","YES PREP PUBLIC SCHOOLS INC","'04","REGION 04: HOUSTON","'101","HARRIS","Y","N"
"'101846","HARMONY PUBLIC SCHOOLS - HOUSTON SOUTH","'04","REGION 04: HOUSTON","'101","HARRIS","Y","N"
"'101847","BEATRICE MAYES INSTITUTE CHARTER SCHOOL","'04","REGION 04: HOUSTON","'101","HARRIS","Y","N"
"'101849","ACCELERATED INTERMEDIATE ACADEMY","'04","REGION 04: HOUSTON","'101","HARRIS","Y","N"
"'101853","BAKERRIPLEY COMMUNITY SCHOOLS","'04","REGION 04: HOUSTON","'101","HARRIS","Y","N"
"'101855","MEYERPARK CHARTER","'04","REGION 04: HOUSTON","'101","HARRIS","Y","N"
"'101856","DRAW ACADEMY","'04","REGION 04: HOUSTON","'101","HARRIS","Y","N"
"'101858","HARMONY PUBLIC SCHOOLS - HOUSTON NORTH","'04","REGION 04: HOUSTON","'101","HARRIS","Y","N"
"'101859","STEP CHARTER SCHOOL","'04","REGION 04: HOUSTON","'101","HARRIS","Y","N"
"'101861","THE RHODES SCHOOL FOR PERFORMING ARTS","'04","REGION 04: HOUSTON","'101","HARRIS","Y","N"
"'101862","HARMONY PUBLIC SCHOOLS - HOUSTON WEST","'04","REGION 04: HOUSTON","'101","HARRIS","Y","N"
"'101864","THE LAWSON ACADEMY","'04","REGION 04: HOUSTON","'101","HARRIS","Y","N"
"'101868","THE PRO-VISION ACADEMY","'04","REGION 04: HOUSTON","'101","HARRIS","Y","Y"
"'101870","BETA ACADEMY","'04","REGION 04: HOUSTON","'101","HARRIS","Y","N"
"'101871","A+ UNLIMITED POTENTIAL","'04","REGION 04: HOUSTON","'101","HARRIS","Y","N"
"'101872","ETOILE ACADEMY CHARTER SCHOOL","'04","REGION 04: HOUSTON","'101","HARRIS","Y","N"
"'101873","YELLOWSTONE COLLEGE PREPARATORY","'04","REGION 04: HOUSTON","'101","HARRIS","Y","N"
"'101874","LEGACY SCHOOL OF SPORT SCIENCES","'04","REGION 04: HOUSTON","'101","HARRIS","Y","N"
"'101875","BLOOM ACADEMY CHARTER SCHOOL","'04","REGION 04: HOUSTON","'101","HARRIS","Y","N"
"'101876","REVE PREPARATORY CHARTER SCHOOL","'04","REGION 04: HOUSTON","'101","HARRIS","Y","N"
"'101877","ELEVATE COLLEGIATE CHARTER SCHOOL","'04","REGION 04: HOUSTON","'101","HARRIS","Y","N"
"'101878","HOUSTON CLASSICAL CHARTER SCHOOL","'04","REGION 04: HOUSTON","'101","HARRIS","Y","N"
"'101902","ALDINE ISD","'04","REGION 04: HOUSTON","'101","HARRIS","N","N"
"'101903","ALIEF ISD","'04","REGION 04: HOUSTON","'101","HARRIS","N","N"
"'101905","CHANNELVIEW ISD","'04","REGION 04: HOUSTON","'101","HARRIS","N","N"
"'101906","CROSBY ISD","'04","REGION 04: HOUSTON","'101","HARRIS","N","N"
"'101907","CYPRESS-FAIRBANKS ISD","'04","REGION 04: HOUSTON","'101","HARRIS","N","N"
"'101908","DEER PARK ISD","'04","REGION 04: HOUSTON","'101","HARRIS","N","N"
"'101910","GALENA PARK ISD","'04","REGION 04: HOUSTON","'101","HARRIS","N","N"
"'101911","GOOSE CREEK CISD","'04","REGION 04: HOUSTON","'101","HARRIS","N","N"
"'101912","HOUSTON ISD","'04","REGION 04: HOUSTON","'101","HARRIS","N","N"
"'101913","HUMBLE ISD","'04","REGION 04: HOUSTON","'101","HARRIS","N","N"
"'101914","KATY ISD","'04","REGION 04: HOUSTON","'101","HARRIS","N","N"
"'101915","KLEIN ISD","'04","REGION 04: HOUSTON","'101","HARRIS","N","N"
"'101916","LA PORTE ISD","'04","REGION 04: HOUSTON","'101","HARRIS","N","N"
"'101917","PASADENA ISD","'04","REGION 04: HOUSTON","'101","HARRIS","N","N"
"'101919","SPRING ISD","'04","REGION 04: HOUSTON","'101","HARRIS","N","N"
"'101920","SPRING BRANCH ISD","'04","REGION 04: HOUSTON","'101","HARRIS","N","N"
"'101921","TOMBALL ISD","'04","REGION 04: HOUSTON","'101","HARRIS","N","N"
"'101924","SHELDON ISD","'04","REGION 04: HOUSTON","'101","HARRIS","N","N"
"'101925","HUFFMAN ISD","'04","REGION 04: HOUSTON","'101","HARRIS","N","N"
"'102901","KARNACK ISD","'07","REGION 07: KILGORE","'102","HARRISON","N","N"
"'102902","MARSHALL ISD","'07","REGION 07: KILGORE","'102","HARRISON","N","N"
"'102903","WASKOM ISD","'07","REGION 07: KILGORE","'102","HARRISON","N","N"
"'102904","HALLSVILLE ISD","'07","REGION 07: KILGORE","'102","HARRISON","N","N"
"'102905","HARLETON ISD","'07","REGION 07: KILGORE","'102","HARRISON","N","N"
"'102906","ELYSIAN FIELDS ISD","'07","REGION 07: KILGORE","'102","HARRISON","N","N"
"'103901","CHANNING ISD","'16","REGION 16: AMARILLO","'103","HARTLEY","N","N"
"'103902","HARTLEY ISD","'16","REGION 16: AMARILLO","'103","HARTLEY","N","N"
"'104901","HASKELL CISD","'14","REGION 14: ABILENE","'104","HASKELL","N","N"
"'104903","RULE ISD","'14","REGION 14: ABILENE","'104","HASKELL","N","N"
"'104907","PAINT CREEK ISD","'14","REGION 14: ABILENE","'104","HASKELL","N","N"
"'105801","KATHERINE ANNE PORTER SCHOOL","'13","REGION 13: AUSTIN","'105","HAYS","Y","N"
"'105802","TEXAS PREPARATORY SCHOOL","'13","REGION 13: AUSTIN","'105","HAYS","Y","N"
"'105803","KI CHARTER","'13","REGION 13: AUSTIN","'105","HAYS","Y","N"
"'105804","DORAL ACADEMY OF TEXAS","'13","REGION 13: AUSTIN","'105","HAYS","Y","N"
"'105902","SAN MARCOS CISD","'13","REGION 13: AUSTIN","'105","HAYS","N","N"
"'105904","DRIPPING SPRINGS ISD","'13","REGION 13: AUSTIN","'105","HAYS","N","N"
"'105905","WIMBERLEY ISD","'13","REGION 13: AUSTIN","'105","HAYS","N","N"
"'105906","HAYS CISD","'13","REGION 13: AUSTIN","'105","HAYS","N","N"
"'106901","CANADIAN ISD","'16","REGION 16: AMARILLO","'106","HEMPHILL","N","N"
"'107901","ATHENS ISD","'10","REGION 10: RICHARDSON","'107","HENDERSON","N","N"
"'107902","BROWNSBORO ISD","'07","REGION 07: KILGORE","'107","HENDERSON","N","N"
"'107904","CROSS ROADS ISD","'07","REGION 07: KILGORE","'107","HENDERSON","N","N"
"'107905","EUSTACE ISD","'07","REGION 07: KILGORE","'107","HENDERSON","N","N"
"'107906","MALAKOFF ISD","'07","REGION 07: KILGORE","'107","HENDERSON","N","N"
"'107907","TRINIDAD ISD","'07","REGION 07: KILGORE","'107","HENDERSON","N","N"
"'107908","MURCHISON ISD","'07","REGION 07: KILGORE","'107","HENDERSON","N","N"
"'107910","LAPOYNOR ISD","'07","REGION 07: KILGORE","'107","HENDERSON","N","N"
"'108802","HORIZON MONTESSORI PUBLIC SCHOOLS","'01","REGION 01: EDINBURG","'108","HIDALGO","Y","N"
"'108804","TRIUMPH PUBLIC HIGH SCHOOLS-RIO GRANDE VALLEY","'01","REGION 01: EDINBURG","'108","HIDALGO","Y","Y"
"'108807","IDEA PUBLIC SCHOOLS","'01","REGION 01: EDINBURG","'108","HIDALGO","Y","N"
"'108808","VANGUARD ACADEMY","'01","REGION 01: EDINBURG","'108","HIDALGO","Y","N"
"'108809","EXCELLENCE IN LEADERSHIP ACADEMY","'01","REGION 01: EDINBURG","'108","HIDALGO","Y","N"
"'108810","BRILLANTE ACADEMY","'01","REGION 01: EDINBURG","'108","HIDALGO","Y","N"
"'108902","DONNA ISD","'01","REGION 01: EDINBURG","'108","HIDALGO","N","N"
"'108903","EDCOUCH-ELSA ISD","'01","REGION 01: EDINBURG","'108","HIDALGO","N","N"
"'108904","EDINBURG CISD","'01","REGION 01: EDINBURG","'108","HIDALGO","N","N"
"'108905","HIDALGO ISD","'01","REGION 01: EDINBURG","'108","HIDALGO","N","N"
"'108906","MCALLEN ISD","'01","REGION 01: EDINBURG","'108","HIDALGO","N","N"
"'108907","MERCEDES ISD","'01","REGION 01: EDINBURG","'108","HIDALGO","N","N"
"'108908","MISSION CISD","'01","REGION 01: EDINBURG","'108","HIDALGO","N","N"
"'108909","PHARR-SAN JUAN-ALAMO ISD","'01","REGION 01: EDINBURG","'108","HIDALGO","N","N"
"'108910","PROGRESO ISD","'01","REGION 01: EDINBURG","'108","HIDALGO","N","N"
"'108911","SHARYLAND ISD","'01","REGION 01: EDINBURG","'108","HIDALGO","N","N"
"'108912","LA JOYA ISD","'01","REGION 01: EDINBURG","'108","HIDALGO","N","N"
"'108913","WESLACO ISD","'01","REGION 01: EDINBURG","'108","HIDALGO","N","N"
"'108914","LA VILLA ISD","'01","REGION 01: EDINBURG","'108","HIDALGO","N","N"
"'108915","MONTE ALTO ISD","'01","REGION 01: EDINBURG","'108","HIDALGO","N","N"
"'108916","VALLEY VIEW ISD","'01","REGION 01: EDINBURG","'108","HIDALGO","N","N"
"'109901","ABBOTT ISD","'12","REGION 12: WACO","'109","HILL","N","N"
"'109902","BYNUM ISD","'12","REGION 12: WACO","'109","HILL","N","N"
"'109903","COVINGTON ISD","'12","REGION 12: WACO","'109","HILL","N","N"
"'109904","HILLSBORO ISD","'12","REGION 12: WACO","'109","HILL","N","N"
"'109905","HUBBARD ISD","'12","REGION 12: WACO","'109","HILL","N","N"
"'109907","ITASCA ISD","'12","REGION 12: WACO","'109","HILL","N","N"
"'109908","MALONE ISD","'12","REGION 12: WACO","'109","HILL","N","N"
"'109910","MOUNT CALM ISD","'12","REGION 12: WACO","'109","HILL","N","N"
"'109911","WHITNEY ISD","'12","REGION 12: WACO","'109","HILL","N","N"
"'109912","AQUILLA ISD","'12","REGION 12: WACO","'109","HILL","N","N"
"'109913","BLUM ISD","'12","REGION 12: WACO","'109","HILL","N","N"
"'109914","PENELOPE ISD","'12","REGION 12: WACO","'109","HILL","N","N"
"'110901","ANTON ISD","'17","REGION 17: LUBBOCK","'110","HOCKLEY","N","N"
"'110902","LEVELLAND ISD","'17","REGION 17: LUBBOCK","'110","HOCKLEY","N","N"
"'110905","ROPES ISD","'17","REGION 17: LUBBOCK","'110","HOCKLEY","N","N"
"'110906","SMYER ISD","'17","REGION 17: LUBBOCK","'110","HOCKLEY","N","N"
"'110907","SUNDOWN ISD","'17","REGION 17: LUBBOCK","'110","HOCKLEY","N","N"
"'110908","WHITHARRAL ISD","'17","REGION 17: LUBBOCK","'110","HOCKLEY","N","N"
"'111801","LAKE GRANBURY ACADEMY CHARTER SCHOOL","'11","REGION 11: FORT WORTH","'111","HOOD","Y","Y"
"'111901","GRANBURY ISD","'11","REGION 11: FORT WORTH","'111","HOOD","N","N"
"'111902","LIPAN ISD","'11","REGION 11: FORT WORTH","'111","HOOD","N","N"
"'111903","TOLAR ISD","'11","REGION 11: FORT WORTH","'111","HOOD","N","N"
"'112901","SULPHUR SPRINGS ISD","'08","REGION 08: MT PLEASANT","'112","HOPKINS","N","N"
"'112905","CUMBY COLLEGIATE ISD","'08","REGION 08: MT PLEASANT","'112","HOPKINS","N","N"
"'112906","NORTH HOPKINS ISD","'08","REGION 08: MT PLEASANT","'112","HOPKINS","N","N"
"'112907","MILLER GROVE ISD","'08","REGION 08: MT PLEASANT","'112","HOPKINS","N","N"
"'112908","COMO-PICKTON CISD","'08","REGION 08: MT PLEASANT","'112","HOPKINS","N","N"
"'112909","SALTILLO ISD","'08","REGION 08: MT PLEASANT","'112","HOPKINS","N","N"
"'112910","SULPHUR BLUFF ISD","'08","REGION 08: MT PLEASANT","'112","HOPKINS","N","N"
"'113901","CROCKETT ISD","'06","REGION 06: HUNTSVILLE","'113","HOUSTON","N","N"
"'113902","GRAPELAND ISD","'06","REGION 06: HUNTSVILLE","'113","HOUSTON","N","N"
"'113903","LOVELADY ISD","'06","REGION 06: HUNTSVILLE","'113","HOUSTON","N","N"
"'113905","LATEXO ISD","'06","REGION 06: HUNTSVILLE","'113","HOUSTON","N","N"
"'113906","KENNARD ISD","'06","REGION 06: HUNTSVILLE","'113","HOUSTON","N","N"
"'114901","BIG SPRING ISD","'18","REGION 18: MIDLAND","'114","HOWARD","N","N"
"'114902","COAHOMA ISD","'18","REGION 18: MIDLAND","'114","HOWARD","N","N"
"'114904","FORSAN ISD","'18","REGION 18: MIDLAND","'114","HOWARD","N","N"
"'115901","FT HANCOCK ISD","'19","REGION 19: EL PASO","'115","HUDSPETH","N","N"
"'115902","SIERRA BLANCA ISD","'19","REGION 19: EL PASO","'115","HUDSPETH","N","N"
"'115903","DELL CITY ISD","'19","REGION 19: EL PASO","'115","HUDSPETH","N","N"
"'116901","CADDO MILLS ISD","'10","REGION 10: RICHARDSON","'116","HUNT","N","N"
"'116902","CELESTE ISD","'10","REGION 10: RICHARDSON","'116","HUNT","N","N"
"'116903","COMMERCE ISD","'10","REGION 10: RICHARDSON","'116","HUNT","N","N"
"'116905","GREENVILLE ISD","'10","REGION 10: RICHARDSON","'116","HUNT","N","N"
"'116906","LONE OAK ISD","'10","REGION 10: RICHARDSON","'116","HUNT","N","N"
"'116908","QUINLAN ISD","'10","REGION 10: RICHARDSON","'116","HUNT","N","N"
"'116909","WOLFE CITY ISD","'10","REGION 10: RICHARDSON","'116","HUNT","N","N"
"'116910","CAMPBELL ISD","'10","REGION 10: RICHARDSON","'116","HUNT","N","N"
"'116915","BLAND ISD","'10","REGION 10: RICHARDSON","'116","HUNT","N","N"
"'116916","BOLES ISD","'10","REGION 10: RICHARDSON","'116","HUNT","N","N"
"'117901","BORGER ISD","'16","REGION 16: AMARILLO","'117","HUTCHINSON","N","N"
"'117903","SANFORD-FRITCH ISD","'16","REGION 16: AMARILLO","'117","HUTCHINSON","N","N"
"'117904","PLEMONS-STINNETT-PHILLIPS CISD","'16","REGION 16: AMARILLO","'117","HUTCHINSON","N","N"
"'117907","SPRING CREEK ISD","'16","REGION 16: AMARILLO","'117","HUTCHINSON","N","N"
"'118902","IRION COUNTY ISD","'15","REGION 15: SAN ANGELO","'118","IRION","N","N"
"'119901","BRYSON ISD","'09","REGION 09: WICHITA FALLS","'119","JACK","N","N"
"'119902","JACKSBORO ISD","'09","REGION 09: WICHITA FALLS","'119","JACK","N","N"
"'119903","PERRIN-WHITT CISD","'09","REGION 09: WICHITA FALLS","'119","JACK","N","N"
"'120901","EDNA ISD","'03","REGION 03: VICTORIA","'120","JACKSON","N","N"
"'120902","GANADO ISD","'03","REGION 03: VICTORIA","'120","JACKSON","N","N"
"'120905","INDUSTRIAL ISD","'03","REGION 03: VICTORIA","'120","JACKSON","N","N"
"'121902","BROOKELAND ISD","'05","REGION 05: BEAUMONT","'121","JASPER","N","N"
"'121903","BUNA ISD","'05","REGION 05: BEAUMONT","'121","JASPER","N","N"
"'121904","JASPER ISD","'05","REGION 05: BEAUMONT","'121","JASPER","N","N"
"'121905","KIRBYVILLE CISD","'05","REGION 05: BEAUMONT","'121","JASPER","N","N"
"'121906","EVADALE ISD","'05","REGION 05: BEAUMONT","'121","JASPER","N","N"
"'122901","FT DAVIS ISD","'18","REGION 18: MIDLAND","'122","JEFF DAVIS","N","N"
"'122902","VALENTINE ISD","'18","REGION 18: MIDLAND","'122","JEFF DAVIS","N","N"
"'123803","TEKOA ACADEMY OF ACCELERATED STUDIES STEM SCHOOL","'05","REGION 05: BEAUMONT","'123","JEFFERSON","Y","N"
"'123805","EHRHART SCHOOL","'05","REGION 05: BEAUMONT","'123","JEFFERSON","Y","N"
"'123807","BOB HOPE SCHOOL","'05","REGION 05: BEAUMONT","'123","JEFFERSON","Y","N"
"'123905","NEDERLAND ISD","'05","REGION 05: BEAUMONT","'123","JEFFERSON","N","N"
"'123907","PORT ARTHUR ISD","'05","REGION 05: BEAUMONT","'123","JEFFERSON","N","N"
"'123908","PORT NECHES-GROVES ISD","'05","REGION 05: BEAUMONT","'123","JEFFERSON","N","N"
"'123910","BEAUMONT ISD","'05","REGION 05: BEAUMONT","'123","JEFFERSON","N","N"
"'123913","SABINE PASS ISD","'05","REGION 05: BEAUMONT","'123","JEFFERSON","N","N"
"'123914","HAMSHIRE-FANNETT ISD","'05","REGION 05: BEAUMONT","'123","JEFFERSON","N","N"
"'124901","JIM HOGG COUNTY ISD","'01","REGION 01: EDINBURG","'124","JIM HOGG","N","N"
"'125901","ALICE ISD","'02","REGION 02: CORPUS CHRISTI","'125","JIM WELLS","N","N"
"'125902","BEN BOLT-PALITO BLANCO ISD","'02","REGION 02: CORPUS CHRISTI","'125","JIM WELLS","N","N"
"'125903","ORANGE GROVE ISD","'02","REGION 02: CORPUS CHRISTI","'125","JIM WELLS","N","N"
"'125905","PREMONT ISD","'02","REGION 02: CORPUS CHRISTI","'125","JIM WELLS","N","N"
"'125906","LA GLORIA ISD","'02","REGION 02: CORPUS CHRISTI","'125","JIM WELLS","N","N"
"'126901","ALVARADO ISD","'11","REGION 11: FORT WORTH","'126","JOHNSON","N","N"
"'126902","BURLESON ISD","'11","REGION 11: FORT WORTH","'126","JOHNSON","N","N"
"'126903","CLEBURNE ISD","'11","REGION 11: FORT WORTH","'126","JOHNSON","N","N"
"'126904","GRANDVIEW ISD","'11","REGION 11: FORT WORTH","'126","JOHNSON","N","N"
"'126905","JOSHUA ISD","'11","REGION 11: FORT WORTH","'126","JOHNSON","N","N"
"'126906","KEENE ISD","'11","REGION 11: FORT WORTH","'126","JOHNSON","N","N"
"'126907","RIO VISTA ISD","'11","REGION 11: FORT WORTH","'126","JOHNSON","N","N"
"'126908","VENUS ISD","'11","REGION 11: FORT WORTH","'126","JOHNSON","N","N"
"'126911","GODLEY ISD","'11","REGION 11: FORT WORTH","'126","JOHNSON","N","N"
"'127901","ANSON ISD","'14","REGION 14: ABILENE","'127","JONES","N","N"
"'127903","HAMLIN COLLEGIATE ISD","'14","REGION 14: ABILENE","'127","JONES","N","N"
"'127904","HAWLEY ISD","'14","REGION 14: ABILENE","'127","JONES","N","N"
"'127905","LUEDERS-AVOCA ISD","'14","REGION 14: ABILENE","'127","JONES","N","N"
"'127906","STAMFORD ISD","'14","REGION 14: ABILENE","'127","JONES","N","N"
"'128901","KARNES CITY ISD","'20","REGION 20: SAN ANTONIO","'128","KARNES","N","N"
"'128902","KENEDY ISD","'03","REGION 03: VICTORIA","'128","KARNES","N","N"
"'128903","RUNGE ISD","'03","REGION 03: VICTORIA","'128","KARNES","N","N"
"'128904","FALLS CITY ISD","'20","REGION 20: SAN ANTONIO","'128","KARNES","N","N"
"'129901","CRANDALL ISD","'10","REGION 10: RICHARDSON","'129","KAUFMAN","N","N"
"'129902","FORNEY ISD","'10","REGION 10: RICHARDSON","'129","KAUFMAN","N","N"
"'129903","KAUFMAN ISD","'10","REGION 10: RICHARDSON","'129","KAUFMAN","N","N"
"'129904","KEMP ISD","'10","REGION 10: RICHARDSON","'129","KAUFMAN","N","N"
"'129905","MABANK ISD","'10","REGION 10: RICHARDSON","'129","KAUFMAN","N","N"
"'129906","TERRELL ISD","'10","REGION 10: RICHARDSON","'129","KAUFMAN","N","N"
"'129910","SCURRY-ROSSER ISD","'10","REGION 10: RICHARDSON","'129","KAUFMAN","N","N"
"'130801","MEADOWLAND CHARTER DISTRICT","'20","REGION 20: SAN ANTONIO","'130","KENDALL","Y","N"
"'130901","BOERNE ISD","'20","REGION 20: SAN ANTONIO","'130","KENDALL","N","N"
"'130902","COMFORT ISD","'20","REGION 20: SAN ANTONIO","'130","KENDALL","N","N"
"'131001","KENEDY COUNTY WIDE CSD","'02","REGION 02: CORPUS CHRISTI","'131","KENEDY","N","N"
"'132902","JAYTON-GIRARD ISD","'17","REGION 17: LUBBOCK","'132","KENT","N","N"
"'133901","CENTER POINT ISD","'20","REGION 20: SAN ANTONIO","'133","KERR","N","N"
"'133902","HUNT ISD","'20","REGION 20: SAN ANTONIO","'133","KERR","N","N"
"'133903","KERRVILLE ISD","'20","REGION 20: SAN ANTONIO","'133","KERR","N","N"
"'133904","INGRAM ISD","'20","REGION 20: SAN ANTONIO","'133","KERR","N","N"
"'133905","DIVIDE ISD","'15","REGION 15: SAN ANGELO","'133","KERR","N","N"
"'134901","JUNCTION ISD","'15","REGION 15: SAN ANGELO","'134","KIMBLE","N","N"
"'135001","GUTHRIE CSD","'17","REGION 17: LUBBOCK","'135","KING","N","N"
"'136901","BRACKETT ISD","'20","REGION 20: SAN ANTONIO","'136","KINNEY","N","N"
"'137901","KINGSVILLE ISD","'02","REGION 02: CORPUS CHRISTI","'137","KLEBERG","N","N"
"'137902","RICARDO ISD","'02","REGION 02: CORPUS CHRISTI","'137","KLEBERG","N","N"
"'137903","RIVIERA ISD","'02","REGION 02: CORPUS CHRISTI","'137","KLEBERG","N","N"
"'137904","SANTA GERTRUDIS ISD","'02","REGION 02: CORPUS CHRISTI","'137","KLEBERG","N","N"
"'138902","KNOX CITY-O'BRIEN CISD","'09","REGION 09: WICHITA FALLS","'138","KNOX","N","N"
"'138903","MUNDAY CISD","'09","REGION 09: WICHITA FALLS","'138","KNOX","N","N"
"'138904","BENJAMIN ISD","'09","REGION 09: WICHITA FALLS","'138","KNOX","N","N"
"'139905","CHISUM ISD","'08","REGION 08: MT PLEASANT","'139","LAMAR","N","N"
"'139909","PARIS ISD","'08","REGION 08: MT PLEASANT","'139","LAMAR","N","N"
"'139911","NORTH LAMAR ISD","'08","REGION 08: MT PLEASANT","'139","LAMAR","N","N"
"'139912","PRAIRILAND ISD","'08","REGION 08: MT PLEASANT","'139","LAMAR","N","N"
"'140901","AMHERST ISD","'17","REGION 17: LUBBOCK","'140","LAMB","N","N"
"'140904","LITTLEFIELD ISD","'17","REGION 17: LUBBOCK","'140","LAMB","N","N"
"'140905","OLTON ISD","'17","REGION 17: LUBBOCK","'140","LAMB","N","N"
"'140907","SPRINGLAKE-EARTH ISD","'17","REGION 17: LUBBOCK","'140","LAMB","N","N"
"'140908","SUDAN ISD","'17","REGION 17: LUBBOCK","'140","LAMB","N","N"
"'141901","LAMPASAS ISD","'12","REGION 12: WACO","'141","LAMPASAS","N","N"
"'141902","LOMETA ISD","'12","REGION 12: WACO","'141","LAMPASAS","N","N"
"'142901","COTULLA ISD","'20","REGION 20: SAN ANTONIO","'142","LA SALLE","N","N"
"'143901","HALLETTSVILLE ISD","'03","REGION 03: VICTORIA","'143","LAVACA","N","N"
"'143902","MOULTON ISD","'03","REGION 03: VICTORIA","'143","LAVACA","N","N"
"'143903","SHINER ISD","'03","REGION 03: VICTORIA","'143","LAVACA","N","N"
"'143904","VYSEHRAD ISD","'03","REGION 03: VICTORIA","'143","LAVACA","N","N"
"'143905","SWEET HOME ISD","'03","REGION 03: VICTORIA","'143","LAVACA","N","N"
"'143906","EZZELL ISD","'03","REGION 03: VICTORIA","'143","LAVACA","N","N"
"'144901","GIDDINGS ISD","'13","REGION 13: AUSTIN","'144","LEE","N","N"
"'144902","LEXINGTON ISD","'13","REGION 13: AUSTIN","'144","LEE","N","N"
"'144903","DIME BOX ISD","'13","REGION 13: AUSTIN","'144","LEE","N","N"
"'145901","BUFFALO ISD","'06","REGION 06: HUNTSVILLE","'145","LEON","N","N"
"'145902","CENTERVILLE ISD","'06","REGION 06: HUNTSVILLE","'145","LEON","N","N"
"'145906","NORMANGEE ISD","'06","REGION 06: HUNTSVILLE","'145","LEON","N","N"
"'145907","OAKWOOD ISD","'06","REGION 06: HUNTSVILLE","'145","LEON","N","N"
"'145911","LEON ISD","'06","REGION 06: HUNTSVILLE","'145","LEON","N","N"
"'146901","CLEVELAND ISD","'04","REGION 04: HOUSTON","'146","LIBERTY","N","N"
"'146902","DAYTON ISD","'04","REGION 04: HOUSTON","'146","LIBERTY","N","N"
"'146903","DEVERS ISD","'04","REGION 04: HOUSTON","'146","LIBERTY","N","N"
"'146904","HARDIN ISD","'05","REGION 05: BEAUMONT","'146","LIBERTY","N","N"
"'146905","HULL-DAISETTA ISD","'05","REGION 05: BEAUMONT","'146","LIBERTY","N","N"
"'146906","LIBERTY ISD","'05","REGION 05: BEAUMONT","'146","LIBERTY","N","N"
"'146907","TARKINGTON ISD","'04","REGION 04: HOUSTON","'146","LIBERTY","N","N"
"'147901","COOLIDGE ISD","'12","REGION 12: WACO","'147","LIMESTONE","N","N"
"'147902","GROESBECK ISD","'12","REGION 12: WACO","'147","LIMESTONE","N","N"
"'147903","MEXIA ISD","'12","REGION 12: WACO","'147","LIMESTONE","N","N"
"'148901","BOOKER ISD","'16","REGION 16: AMARILLO","'148","LIPSCOMB","N","N"
"'148902","FOLLETT ISD","'16","REGION 16: AMARILLO","'148","LIPSCOMB","N","N"
"'148905","DARROUZETT ISD","'16","REGION 16: AMARILLO","'148","LIPSCOMB","N","N"
"'149901","GEORGE WEST ISD","'02","REGION 02: CORPUS CHRISTI","'149","LIVE OAK","N","N"
"'149902","THREE RIVERS ISD","'02","REGION 02: CORPUS CHRISTI","'149","LIVE OAK","N","N"
"'150901","LLANO ISD","'13","REGION 13: AUSTIN","'150","LLANO","N","N"
"'152504","TEXAS TECH UNIVERSITY K-12","'17","REGION 17: LUBBOCK","'152","LUBBOCK","N","N"
"'152802","RISE ACADEMY","'17","REGION 17: LUBBOCK","'152","LUBBOCK","Y","N"
"'152803","TRIUMPH PUBLIC HIGH SCHOOLS-LUBBOCK","'17","REGION 17: LUBBOCK","'152","LUBBOCK","Y","Y"
"'152806","BETTY M CONDRA SCHOOL FOR EDUCATION INNOVATION","'17","REGION 17: LUBBOCK","'152","LUBBOCK","Y","N"
"'152901","LUBBOCK ISD","'17","REGION 17: LUBBOCK","'152","LUBBOCK","N","N"
"'152902","NEW DEAL ISD","'17","REGION 17: LUBBOCK","'152","LUBBOCK","N","N"
"'152903","SLATON ISD","'17","REGION 17: LUBBOCK","'152","LUBBOCK","N","N"
"'152906","LUBBOCK-COOPER ISD","'17","REGION 17: LUBBOCK","'152","LUBBOCK","N","N"
"'152907","FRENSHIP ISD","'17","REGION 17: LUBBOCK","'152","LUBBOCK","N","N"
"'152908","ROOSEVELT ISD","'17","REGION 17: LUBBOCK","'152","LUBBOCK","N","N"
"'152909","SHALLOWATER ISD","'17","REGION 17: LUBBOCK","'152","LUBBOCK","N","N"
"'152910","IDALOU ISD","'17","REGION 17: LUBBOCK","'152","LUBBOCK","N","N"
"'153903","O'DONNELL ISD","'17","REGION 17: LUBBOCK","'153","LYNN","N","N"
"'153904","TAHOKA ISD","'17","REGION 17: LUBBOCK","'153","LYNN","N","N"
"'153905","NEW HOME ISD","'17","REGION 17: LUBBOCK","'153","LYNN","N","N"
"'153907","WILSON ISD","'17","REGION 17: LUBBOCK","'153","LYNN","N","N"
"'154901","MADISONVILLE CISD","'06","REGION 06: HUNTSVILLE","'154","MADISON","N","N"
"'154903","NORTH ZULCH ISD","'06","REGION 06: HUNTSVILLE","'154","MADISON","N","N"
"'155901","JEFFERSON ISD","'08","REGION 08: MT PLEASANT","'155","MARION","N","N"
"'156902","STANTON ISD","'18","REGION 18: MIDLAND","'156","MARTIN","N","N"
"'156905","GRADY ISD","'18","REGION 18: MIDLAND","'156","MARTIN","N","N"
"'157901","MASON ISD","'15","REGION 15: SAN ANGELO","'157","MASON","N","N"
"'158901","BAY CITY ISD","'03","REGION 03: VICTORIA","'158","MATAGORDA","N","N"
"'158902","TIDEHAVEN ISD","'03","REGION 03: VICTORIA","'158","MATAGORDA","N","N"
"'158904","MATAGORDA ISD","'03","REGION 03: VICTORIA","'158","MATAGORDA","N","N"
"'158905","PALACIOS ISD","'03","REGION 03: VICTORIA","'158","MATAGORDA","N","N"
"'158906","VAN VLECK ISD","'03","REGION 03: VICTORIA","'158","MATAGORDA","N","N"
"'159901","EAGLE PASS ISD","'20","REGION 20: SAN ANTONIO","'159","MAVERICK","N","N"
"'160901","BRADY ISD","'15","REGION 15: SAN ANGELO","'160","MCCULLOCH","N","N"
"'160904","ROCHELLE ISD","'15","REGION 15: SAN ANGELO","'160","MCCULLOCH","N","N"
"'160905","LOHN ISD","'15","REGION 15: SAN ANGELO","'160","MCCULLOCH","N","N"
"'161802","RAPOPORT ACADEMY PUBLIC SCHOOL","'12","REGION 12: WACO","'161","MCLENNAN","Y","N"
"'161807","HARMONY PUBLIC SCHOOLS - NORTH TEXAS","'12","REGION 12: WACO","'161","MCLENNAN","Y","N"
"'161901","CRAWFORD ISD","'12","REGION 12: WACO","'161","MCLENNAN","N","N"
"'161903","MIDWAY ISD","'12","REGION 12: WACO","'161","MCLENNAN","N","N"
"'161906","LA VEGA ISD","'12","REGION 12: WACO","'161","MCLENNAN","N","N"
"'161907","LORENA ISD","'12","REGION 12: WACO","'161","MCLENNAN","N","N"
"'161908","MART ISD","'12","REGION 12: WACO","'161","MCLENNAN","N","N"
"'161909","MCGREGOR ISD","'12","REGION 12: WACO","'161","MCLENNAN","N","N"
"'161910","MOODY ISD","'12","REGION 12: WACO","'161","MCLENNAN","N","N"
"'161912","RIESEL ISD","'12","REGION 12: WACO","'161","MCLENNAN","N","N"
"'161914","WACO ISD","'12","REGION 12: WACO","'161","MCLENNAN","N","N"
"'161916","WEST ISD","'12","REGION 12: WACO","'161","MCLENNAN","N","N"
"'161918","AXTELL ISD","'12","REGION 12: WACO","'161","MCLENNAN","N","N"
"'161919","BRUCEVILLE-EDDY ISD","'12","REGION 12: WACO","'161","MCLENNAN","N","N"
"'161920","CHINA SPRING ISD","'12","REGION 12: WACO","'161","MCLENNAN","N","N"
"'161921","CONNALLY ISD","'12","REGION 12: WACO","'161","MCLENNAN","N","N"
"'161922","ROBINSON ISD","'12","REGION 12: WACO","'161","MCLENNAN","N","N"
"'161923","BOSQUEVILLE ISD","'12","REGION 12: WACO","'161","MCLENNAN","N","N"
"'161924","HALLSBURG ISD","'12","REGION 12: WACO","'161","MCLENNAN","N","N"
"'161925","GHOLSON ISD","'12","REGION 12: WACO","'161","MCLENNAN","N","N"
"'162904","MCMULLEN COUNTY ISD","'02","REGION 02: CORPUS CHRISTI","'162","MCMULLEN","N","N"
"'163901","DEVINE ISD","'20","REGION 20: SAN ANTONIO","'163","MEDINA","N","N"
"'163902","D'HANIS ISD","'20","REGION 20: SAN ANTONIO","'163","MEDINA","N","N"
"'163903","NATALIA ISD","'20","REGION 20: SAN ANTONIO","'163","MEDINA","N","N"
"'163904","HONDO ISD","'20","REGION 20: SAN ANTONIO","'163","MEDINA","N","N"
"'163908","MEDINA VALLEY ISD","'20","REGION 20: SAN ANTONIO","'163","MEDINA","N","N"
"'164901","MENARD ISD","'15","REGION 15: SAN ANGELO","'164","MENARD","N","N"
"'165802","MIDLAND ACADEMY CHARTER SCHOOL","'18","REGION 18: MIDLAND","'165","MIDLAND","Y","N"
"'165901","MIDLAND ISD","'18","REGION 18: MIDLAND","'165","MIDLAND","N","N"
"'165902","GREENWOOD ISD","'18","REGION 18: MIDLAND","'165","MIDLAND","N","N"
"'166901","CAMERON ISD","'06","REGION 06: HUNTSVILLE","'166","MILAM","N","N"
"'166902","GAUSE ISD","'06","REGION 06: HUNTSVILLE","'166","MILAM","N","N"
"'166903","MILANO ISD","'06","REGION 06: HUNTSVILLE","'166","MILAM","N","N"
"'166904","ROCKDALE ISD","'06","REGION 06: HUNTSVILLE","'166","MILAM","N","N"
"'166905","THORNDALE ISD","'13","REGION 13: AUSTIN","'166","MILAM","N","N"
"'166907","BUCKHOLTS ISD","'12","REGION 12: WACO","'166","MILAM","N","N"
"'167901","GOLDTHWAITE ISD","'12","REGION 12: WACO","'167","MILLS","N","N"
"'167902","MULLIN ISD","'12","REGION 12: WACO","'167","MILLS","N","N"
"'167904","PRIDDY ISD","'12","REGION 12: WACO","'167","MILLS","N","N"
"'168901","COLORADO ISD","'14","REGION 14: ABILENE","'168","MITCHELL","N","N"
"'168902","LORAINE ISD","'14","REGION 14: ABILENE","'168","MITCHELL","N","N"
"'168903","WESTBROOK ISD","'14","REGION 14: ABILENE","'168","MITCHELL","N","N"
"'169901","BOWIE ISD","'09","REGION 09: WICHITA FALLS","'169","MONTAGUE","N","N"
"'169902","NOCONA ISD","'09","REGION 09: WICHITA FALLS","'169","MONTAGUE","N","N"
"'169906","GOLD BURG ISD","'09","REGION 09: WICHITA FALLS","'169","MONTAGUE","N","N"
"'169908","MONTAGUE ISD","'09","REGION 09: WICHITA FALLS","'169","MONTAGUE","N","N"
"'169909","PRAIRIE VALLEY ISD","'09","REGION 09: WICHITA FALLS","'169","MONTAGUE","N","N"
"'169910","FORESTBURG ISD","'09","REGION 09: WICHITA FALLS","'169","MONTAGUE","N","N"
"'169911","SAINT JO ISD","'09","REGION 09: WICHITA FALLS","'169","MONTAGUE","N","N"
"'170802","THRIVE CENTER FOR SUCCESS","'06","REGION 06: HUNTSVILLE","'170","MONTGOMERY","Y","N"
"'170902","CONROE ISD","'06","REGION 06: HUNTSVILLE","'170","MONTGOMERY","N","N"
"'170903","MONTGOMERY ISD","'06","REGION 06: HUNTSVILLE","'170","MONTGOMERY","N","N"
"'170904","WILLIS ISD","'06","REGION 06: HUNTSVILLE","'170","MONTGOMERY","N","N"
"'170906","MAGNOLIA ISD","'06","REGION 06: HUNTSVILLE","'170","MONTGOMERY","N","N"
"'170907","SPLENDORA ISD","'06","REGION 06: HUNTSVILLE","'170","MONTGOMERY","N","N"
"'170908","NEW CANEY ISD","'06","REGION 06: HUNTSVILLE","'170","MONTGOMERY","N","N"
"'171901","DUMAS ISD","'16","REGION 16: AMARILLO","'171","MOORE","N","N"
"'171902","SUNRAY COLLEGIATE ISD","'16","REGION 16: AMARILLO","'171","MOORE","N","N"
"'172902","DAINGERFIELD-LONE STAR ISD","'08","REGION 08: MT PLEASANT","'172","MORRIS","N","N"
"'172905","PEWITT CISD","'08","REGION 08: MT PLEASANT","'172","MORRIS","N","N"
"'173901","MOTLEY COUNTY ISD","'17","REGION 17: LUBBOCK","'173","MOTLEY","N","N"
"'174801","STEPHEN F AUSTIN STATE UNIVERSITY CHARTER SCHOOL","'07","REGION 07: KILGORE","'174","NACOGDOCHES","Y","N"
"'174901","CHIRENO ISD","'07","REGION 07: KILGORE","'174","NACOGDOCHES","N","N"
"'174902","CUSHING ISD","'07","REGION 07: KILGORE","'174","NACOGDOCHES","N","N"
"'174903","GARRISON ISD","'07","REGION 07: KILGORE","'174","NACOGDOCHES","N","N"
"'174904","NACOGDOCHES ISD","'07","REGION 07: KILGORE","'174","NACOGDOCHES","N","N"
"'174906","WODEN ISD","'07","REGION 07: KILGORE","'174","NACOGDOCHES","N","N"
"'174908","CENTRAL HEIGHTS ISD","'07","REGION 07: KILGORE","'174","NACOGDOCHES","N","N"
"'174909","MARTINSVILLE ISD","'07","REGION 07: KILGORE","'174","NACOGDOCHES","N","N"
"'174911","DOUGLASS ISD","'07","REGION 07: KILGORE","'174","NACOGDOCHES","N","N"
"'175902","BLOOMING GROVE ISD","'12","REGION 12: WACO","'175","NAVARRO","N","N"
"'175903","CORSICANA ISD","'12","REGION 12: WACO","'175","NAVARRO","N","N"
"'175904","DAWSON ISD","'12","REGION 12: WACO","'175","NAVARRO","N","N"
"'175905","FROST ISD","'12","REGION 12: WACO","'175","NAVARRO","N","N"
"'175907","KERENS ISD","'12","REGION 12: WACO","'175","NAVARRO","N","N"
"'175910","MILDRED ISD","'12","REGION 12: WACO","'175","NAVARRO","N","N"
"'175911","RICE ISD","'12","REGION 12: WACO","'175","NAVARRO","N","N"
"'176901","BURKEVILLE ISD","'05","REGION 05: BEAUMONT","'176","NEWTON","N","N"
"'176902","NEWTON ISD","'05","REGION 05: BEAUMONT","'176","NEWTON","N","N"
"'176903","DEWEYVILLE ISD","'05","REGION 05: BEAUMONT","'176","NEWTON","N","N"
"'177901","ROSCOE COLLEGIATE ISD","'14","REGION 14: ABILENE","'177","NOLAN","N","N"
"'177902","SWEETWATER ISD","'14","REGION 14: ABILENE","'177","NOLAN","N","N"
"'177903","BLACKWELL CISD","'14","REGION 14: ABILENE","'177","NOLAN","N","N"
"'177905","HIGHLAND ISD","'14","REGION 14: ABILENE","'177","NOLAN","N","N"
"'178801","DR M L GARZA-GONZALEZ CHARTER SCHOOL","'02","REGION 02: CORPUS CHRISTI","'178","NUECES","Y","N"
"'178807","CORPUS CHRISTI MONTESSORI SCHOOL","'02","REGION 02: CORPUS CHRISTI","'178","NUECES","Y","N"
"'178808","SEASHORE CHARTER SCHOOLS","'02","REGION 02: CORPUS CHRISTI","'178","NUECES","Y","N"
"'178901","AGUA DULCE ISD","'02","REGION 02: CORPUS CHRISTI","'178","NUECES","N","N"
"'178902","BISHOP CISD","'02","REGION 02: CORPUS CHRISTI","'178","NUECES","N","N"
"'178903","CALALLEN ISD","'02","REGION 02: CORPUS CHRISTI","'178","NUECES","N","N"
"'178904","CORPUS CHRISTI ISD","'02","REGION 02: CORPUS CHRISTI","'178","NUECES","N","N"
"'178905","DRISCOLL ISD","'02","REGION 02: CORPUS CHRISTI","'178","NUECES","N","N"
"'178906","LONDON ISD","'02","REGION 02: CORPUS CHRISTI","'178","NUECES","N","N"
"'178908","PORT ARANSAS ISD","'02","REGION 02: CORPUS CHRISTI","'178","NUECES","N","N"
"'178909","ROBSTOWN ISD","'02","REGION 02: CORPUS CHRISTI","'178","NUECES","N","N"
"'178912","TULOSO-MIDWAY ISD","'02","REGION 02: CORPUS CHRISTI","'178","NUECES","N","N"
"'178913","BANQUETE ISD","'02","REGION 02: CORPUS CHRISTI","'178","NUECES","N","N"
"'178914","FLOUR BLUFF ISD","'02","REGION 02: CORPUS CHRISTI","'178","NUECES","N","N"
"'178915","WEST OSO ISD","'02","REGION 02: CORPUS CHRISTI","'178","NUECES","N","N"
"'179901","PERRYTON ISD","'16","REGION 16: AMARILLO","'179","OCHILTREE","N","N"
"'180901","BOYS RANCH ISD","'16","REGION 16: AMARILLO","'180","OLDHAM","N","N"
"'180902","VEGA ISD","'16","REGION 16: AMARILLO","'180","OLDHAM","N","N"
"'180903","ADRIAN ISD","'16","REGION 16: AMARILLO","'180","OLDHAM","N","N"
"'180904","WILDORADO ISD","'16","REGION 16: AMARILLO","'180","OLDHAM","N","N"
"'181901","BRIDGE CITY ISD","'05","REGION 05: BEAUMONT","'181","ORANGE","N","N"
"'181905","ORANGEFIELD ISD","'05","REGION 05: BEAUMONT","'181","ORANGE","N","N"
"'181906","WEST ORANGE-COVE CISD","'05","REGION 05: BEAUMONT","'181","ORANGE","N","N"
"'181907","VIDOR ISD","'05","REGION 05: BEAUMONT","'181","ORANGE","N","N"
"'181908","LITTLE CYPRESS-MAURICEVILLE CISD","'05","REGION 05: BEAUMONT","'181","ORANGE","N","N"
"'182901","GORDON ISD","'11","REGION 11: FORT WORTH","'182","PALO PINTO","N","N"
"'182902","GRAFORD ISD","'11","REGION 11: FORT WORTH","'182","PALO PINTO","N","N"
"'182903","MINERAL WELLS ISD","'11","REGION 11: FORT WORTH","'182","PALO PINTO","N","N"
"'182904","SANTO ISD","'11","REGION 11: FORT WORTH","'182","PALO PINTO","N","N"
"'182905","STRAWN ISD","'11","REGION 11: FORT WORTH","'182","PALO PINTO","N","N"
"'182906","PALO PINTO ISD","'11","REGION 11: FORT WORTH","'182","PALO PINTO","N","N"
"'183801","PANOLA CHARTER SCHOOL","'07","REGION 07: KILGORE","'183","PANOLA","Y","N"
"'183901","BECKVILLE ISD","'07","REGION 07: KILGORE","'183","PANOLA","N","N"
"'183902","CARTHAGE ISD","'07","REGION 07: KILGORE","'183","PANOLA","N","N"
"'183904","GARY ISD","'07","REGION 07: KILGORE","'183","PANOLA","N","N"
"'184801","CROSSTIMBERS ACADEMY","'11","REGION 11: FORT WORTH","'184","PARKER","Y","Y"
"'184901","POOLVILLE ISD","'11","REGION 11: FORT WORTH","'184","PARKER","N","N"
"'184902","SPRINGTOWN ISD","'11","REGION 11: FORT WORTH","'184","PARKER","N","N"
"'184903","WEATHERFORD ISD","'11","REGION 11: FORT WORTH","'184","PARKER","N","N"
"'184904","MILLSAP ISD","'11","REGION 11: FORT WORTH","'184","PARKER","N","N"
"'184907","ALEDO ISD","'11","REGION 11: FORT WORTH","'184","PARKER","N","N"
"'184908","PEASTER ISD","'11","REGION 11: FORT WORTH","'184","PARKER","N","N"
"'184909","BROCK ISD","'11","REGION 11: FORT WORTH","'184","PARKER","N","N"
"'184911","GARNER ISD","'11","REGION 11: FORT WORTH","'184","PARKER","N","N"
"'185901","BOVINA ISD","'16","REGION 16: AMARILLO","'185","PARMER","N","N"
"'185902","FARWELL ISD","'16","REGION 16: AMARILLO","'185","PARMER","N","N"
"'185903","FRIONA ISD","'16","REGION 16: AMARILLO","'185","PARMER","N","N"
"'185904","LAZBUDDIE ISD","'16","REGION 16: AMARILLO","'185","PARMER","N","N"
"'186901","BUENA VISTA ISD","'18","REGION 18: MIDLAND","'186","PECOS","N","N"
"'186902","FORT STOCKTON ISD","'18","REGION 18: MIDLAND","'186","PECOS","N","N"
"'186903","IRAAN-SHEFFIELD COLLEGIATE ISD","'18","REGION 18: MIDLAND","'186","PECOS","N","N"
"'187901","BIG SANDY ISD","'06","REGION 06: HUNTSVILLE","'187","POLK","N","N"
"'187903","GOODRICH ISD","'06","REGION 06: HUNTSVILLE","'187","POLK","N","N"
"'187904","CORRIGAN-CAMDEN ISD","'06","REGION 06: HUNTSVILLE","'187","POLK","N","N"
"'187906","LEGGETT ISD","'06","REGION 06: HUNTSVILLE","'187","POLK","N","N"
"'187907","LIVINGSTON ISD","'06","REGION 06: HUNTSVILLE","'187","POLK","N","N"
"'187910","ONALASKA ISD","'06","REGION 06: HUNTSVILLE","'187","POLK","N","N"
"'188901","AMARILLO ISD","'16","REGION 16: AMARILLO","'188","POTTER","N","N"
"'188902","RIVER ROAD ISD","'16","REGION 16: AMARILLO","'188","POTTER","N","N"
"'188903","HIGHLAND PARK ISD","'16","REGION 16: AMARILLO","'188","POTTER","N","N"
"'188904","BUSHLAND ISD","'16","REGION 16: AMARILLO","'188","POTTER","N","N"
"'189901","MARFA ISD","'18","REGION 18: MIDLAND","'189","PRESIDIO","N","N"
"'189902","PRESIDIO ISD","'18","REGION 18: MIDLAND","'189","PRESIDIO","N","N"
"'190903","RAINS ISD","'07","REGION 07: KILGORE","'190","RAINS","N","N"
"'191901","CANYON ISD","'16","REGION 16: AMARILLO","'191","RANDALL","N","N"
"'192901","REAGAN COUNTY ISD","'18","REGION 18: MIDLAND","'192","REAGAN","N","N"
"'193801","BIG SPRINGS CHARTER SCHOOL","'20","REGION 20: SAN ANTONIO","'193","REAL","Y","N"
"'193902","LEAKEY ISD","'20","REGION 20: SAN ANTONIO","'193","REAL","N","N"
"'194902","AVERY ISD","'08","REGION 08: MT PLEASANT","'194","RED RIVER","N","N"
"'194903","RIVERCREST ISD","'08","REGION 08: MT PLEASANT","'194","RED RIVER","N","N"
"'194904","CLARKSVILLE ISD","'08","REGION 08: MT PLEASANT","'194","RED RIVER","N","N"
"'194905","DETROIT ISD","'08","REGION 08: MT PLEASANT","'194","RED RIVER","N","N"
"'195901","PECOS-BARSTOW-TOYAH ISD","'18","REGION 18: MIDLAND","'195","REEVES","N","N"
"'195902","BALMORHEA ISD","'18","REGION 18: MIDLAND","'195","REEVES","N","N"
"'196901","AUSTWELL-TIVOLI ISD","'03","REGION 03: VICTORIA","'196","REFUGIO","N","N"
"'196902","WOODSBORO ISD","'03","REGION 03: VICTORIA","'196","REFUGIO","N","N"
"'196903","REFUGIO ISD","'03","REGION 03: VICTORIA","'196","REFUGIO","N","N"
"'197902","MIAMI ISD","'16","REGION 16: AMARILLO","'197","ROBERTS","N","N"
"'198901","BREMOND ISD","'06","REGION 06: HUNTSVILLE","'198","ROBERTSON","N","N"
"'198902","CALVERT ISD","'06","REGION 06: HUNTSVILLE","'198","ROBERTSON","N","N"
"'198903","FRANKLIN ISD","'06","REGION 06: HUNTSVILLE","'198","ROBERTSON","N","N"
"'198905","HEARNE ISD","'06","REGION 06: HUNTSVILLE","'198","ROBERTSON","N","N"
"'198906","MUMFORD ISD","'06","REGION 06: HUNTSVILLE","'198","ROBERTSON","N","N"
"'199901","ROCKWALL ISD","'10","REGION 10: RICHARDSON","'199","ROCKWALL","N","N"
"'199902","ROYSE CITY ISD","'10","REGION 10: RICHARDSON","'199","ROCKWALL","N","N"
"'200901","BALLINGER ISD","'15","REGION 15: SAN ANGELO","'200","RUNNELS","N","N"
"'200902","MILES ISD","'15","REGION 15: SAN ANGELO","'200","RUNNELS","N","N"
"'200904","WINTERS ISD","'15","REGION 15: SAN ANGELO","'200","RUNNELS","N","N"
"'200906","OLFEN ISD","'15","REGION 15: SAN ANGELO","'200","RUNNELS","N","N"
"'201902","HENDERSON ISD","'07","REGION 07: KILGORE","'201","RUSK","N","N"
"'201903","LANEVILLE ISD","'07","REGION 07: KILGORE","'201","RUSK","N","N"
"'201904","LEVERETTS CHAPEL ISD","'07","REGION 07: KILGORE","'201","RUSK","N","N"
"'201907","MOUNT ENTERPRISE ISD","'07","REGION 07: KILGORE","'201","RUSK","N","N"
"'201908","OVERTON ISD","'07","REGION 07: KILGORE","'201","RUSK","N","N"
"'201910","TATUM ISD","'07","REGION 07: KILGORE","'201","RUSK","N","N"
"'201913","CARLISLE ISD","'07","REGION 07: KILGORE","'201","RUSK","N","N"
"'201914","WEST RUSK COUNTY CONSOLIDATED ISD","'07","REGION 07: KILGORE","'201","RUSK","N","N"
"'202903","HEMPHILL ISD","'07","REGION 07: KILGORE","'202","SABINE","N","N"
"'202905","WEST SABINE ISD","'07","REGION 07: KILGORE","'202","SABINE","N","N"
"'203901","SAN AUGUSTINE ISD","'07","REGION 07: KILGORE","'203","SAN AUGUSTINE","N","N"
"'203902","BROADDUS ISD","'07","REGION 07: KILGORE","'203","SAN AUGUSTINE","N","N"
"'204901","COLDSPRING-OAKHURST CISD","'06","REGION 06: HUNTSVILLE","'204","SAN JACINTO","N","N"
"'204904","SHEPHERD ISD","'06","REGION 06: HUNTSVILLE","'204","SAN JACINTO","N","N"
"'205901","ARANSAS PASS ISD","'02","REGION 02: CORPUS CHRISTI","'205","SAN PATRICIO","N","N"
"'205902","GREGORY-PORTLAND ISD","'02","REGION 02: CORPUS CHRISTI","'205","SAN PATRICIO","N","N"
"'205903","INGLESIDE ISD","'02","REGION 02: CORPUS CHRISTI","'205","SAN PATRICIO","N","N"
"'205904","MATHIS ISD","'02","REGION 02: CORPUS CHRISTI","'205","SAN PATRICIO","N","N"
"'205905","ODEM-EDROY ISD","'02","REGION 02: CORPUS CHRISTI","'205","SAN PATRICIO","N","N"
"'205906","SINTON ISD","'02","REGION 02: CORPUS CHRISTI","'205","SAN PATRICIO","N","N"
"'205907","TAFT ISD","'02","REGION 02: CORPUS CHRISTI","'205","SAN PATRICIO","N","N"
"'206901","SAN SABA ISD","'15","REGION 15: SAN ANGELO","'206","SAN SABA","N","N"
"'206902","RICHLAND SPRINGS ISD","'15","REGION 15: SAN ANGELO","'206","SAN SABA","N","N"
"'206903","CHEROKEE ISD","'15","REGION 15: SAN ANGELO","'206","SAN SABA","N","N"
"'207901","SCHLEICHER ISD","'15","REGION 15: SAN ANGELO","'207","SCHLEICHER","N","N"
"'208901","HERMLEIGH ISD","'14","REGION 14: ABILENE","'208","SCURRY","N","N"
"'208902","SNYDER ISD","'14","REGION 14: ABILENE","'208","SCURRY","N","N"
"'208903","IRA ISD","'14","REGION 14: ABILENE","'208","SCURRY","N","N"
"'209901","ALBANY ISD","'14","REGION 14: ABILENE","'209","SHACKELFORD","N","N"
"'209902","MORAN ISD","'14","REGION 14: ABILENE","'209","SHACKELFORD","N","N"
"'210901","CENTER ISD","'07","REGION 07: KILGORE","'210","SHELBY","N","N"
"'210902","JOAQUIN ISD","'07","REGION 07: KILGORE","'210","SHELBY","N","N"
"'210903","SHELBYVILLE ISD","'07","REGION 07: KILGORE","'210","SHELBY","N","N"
"'210904","TENAHA ISD","'07","REGION 07: KILGORE","'210","SHELBY","N","N"
"'210905","TIMPSON ISD","'07","REGION 07: KILGORE","'210","SHELBY","N","N"
"'210906","EXCELSIOR ISD","'07","REGION 07: KILGORE","'210","SHELBY","N","N"
"'211901","TEXHOMA ISD","'16","REGION 16: AMARILLO","'211","SHERMAN","N","N"
"'211902","STRATFORD ISD","'16","REGION 16: AMARILLO","'211","SHERMAN","N","N"
"'212801","CUMBERLAND ACADEMY","'07","REGION 07: KILGORE","'212","SMITH","Y","N"
"'212804","UT TYLER UNIVERSITY ACADEMY","'07","REGION 07: KILGORE","'212","SMITH","Y","N"
"'212901","ARP ISD","'07","REGION 07: KILGORE","'212","SMITH","N","N"
"'212902","BULLARD ISD","'07","REGION 07: KILGORE","'212","SMITH","N","N"
"'212903","LINDALE ISD","'07","REGION 07: KILGORE","'212","SMITH","N","N"
"'212904","TROUP ISD","'07","REGION 07: KILGORE","'212","SMITH","N","N"
"'212905","TYLER ISD","'07","REGION 07: KILGORE","'212","SMITH","N","N"
"'212906","WHITEHOUSE ISD","'07","REGION 07: KILGORE","'212","SMITH","N","N"
"'212909","CHAPEL HILL ISD","'07","REGION 07: KILGORE","'212","SMITH","N","N"
"'212910","WINONA ISD","'07","REGION 07: KILGORE","'212","SMITH","N","N"
"'213801","BRAZOS RIVER CHARTER SCHOOL","'11","REGION 11: FORT WORTH","'213","SOMERVELL","Y","Y"
"'213901","GLEN ROSE ISD","'11","REGION 11: FORT WORTH","'213","SOMERVELL","N","N"
"'214901","RIO GRANDE CITY GRULLA ISD","'01","REGION 01: EDINBURG","'214","STARR","N","N"
"'214902","SAN ISIDRO ISD","'01","REGION 01: EDINBURG","'214","STARR","N","N"
"'214903","ROMA ISD","'01","REGION 01: EDINBURG","'214","STARR","N","N"
"'215901","BRECKENRIDGE ISD","'14","REGION 14: ABILENE","'215","STEPHENS","N","N"
"'216901","STERLING CITY ISD","'15","REGION 15: SAN ANGELO","'216","STERLING","N","N"
"'217901","ASPERMONT ISD","'14","REGION 14: ABILENE","'217","STONEWALL","N","N"
"'218901","SONORA ISD","'15","REGION 15: SAN ANGELO","'218","SUTTON","N","N"
"'219901","HAPPY ISD","'16","REGION 16: AMARILLO","'219","SWISHER","N","N"
"'219903","TULIA ISD","'16","REGION 16: AMARILLO","'219","SWISHER","N","N"
"'219905","KRESS ISD","'16","REGION 16: AMARILLO","'219","SWISHER","N","N"
"'220801","TREETOPS SCHOOL INTERNATIONAL","'11","REGION 11: FORT WORTH","'220","TARRANT","Y","N"
"'220802","ARLINGTON CLASSICS ACADEMY","'11","REGION 11: FORT WORTH","'220","TARRANT","Y","N"
"'220809","FORT WORTH ACADEMY OF FINE ARTS","'11","REGION 11: FORT WORTH","'220","TARRANT","Y","N"
"'220810","WESTLAKE ACADEMY CHARTER SCHOOL","'11","REGION 11: FORT WORTH","'220","TARRANT","Y","N"
"'220811","EAST FORT WORTH MONTESSORI ACADEMY","'11","REGION 11: FORT WORTH","'220","TARRANT","Y","N"
"'220814","TEXAS SCHOOL OF THE ARTS","'11","REGION 11: FORT WORTH","'220","TARRANT","Y","N"
"'220815","CHAPEL HILL ACADEMY","'11","REGION 11: FORT WORTH","'220","TARRANT","Y","N"
"'220817","NEWMAN INTERNATIONAL ACADEMY OF ARLINGTON","'11","REGION 11: FORT WORTH","'220","TARRANT","Y","N"
"'220820","ROCKETSHIP PUBLIC SCHOOLS","'11","REGION 11: FORT WORTH","'220","TARRANT","Y","N"
"'220821","ACADEMY OF VISUAL AND PERFORMING ARTS","'11","REGION 11: FORT WORTH","'220","TARRANT","Y","N"
"'220901","ARLINGTON ISD","'11","REGION 11: FORT WORTH","'220","TARRANT","N","N"
"'220902","BIRDVILLE ISD","'11","REGION 11: FORT WORTH","'220","TARRANT","N","N"
"'220904","EVERMAN ISD","'11","REGION 11: FORT WORTH","'220","TARRANT","N","N"
"'220905","FORT WORTH ISD","'11","REGION 11: FORT WORTH","'220","TARRANT","N","N"
"'220906","GRAPEVINE-COLLEYVILLE ISD","'11","REGION 11: FORT WORTH","'220","TARRANT","N","N"
"'220907","KELLER ISD","'11","REGION 11: FORT WORTH","'220","TARRANT","N","N"
"'220908","MANSFIELD ISD","'11","REGION 11: FORT WORTH","'220","TARRANT","N","N"
"'220910","LAKE WORTH ISD","'11","REGION 11: FORT WORTH","'220","TARRANT","N","N"
"'220912","CROWLEY ISD","'11","REGION 11: FORT WORTH","'220","TARRANT","N","N"
"'220914","KENNEDALE ISD","'11","REGION 11: FORT WORTH","'220","TARRANT","N","N"
"'220915","AZLE ISD","'11","REGION 11: FORT WORTH","'220","TARRANT","N","N"
"'220916","HURST-EULESS-BEDFORD ISD","'11","REGION 11: FORT WORTH","'220","TARRANT","N","N"
"'220917","CASTLEBERRY ISD","'11","REGION 11: FORT WORTH","'220","TARRANT","N","N"
"'220918","EAGLE MT-SAGINAW ISD","'11","REGION 11: FORT WORTH","'220","TARRANT","N","N"
"'220919","CARROLL ISD","'11","REGION 11: FORT WORTH","'220","TARRANT","N","N"
"'220920","WHITE SETTLEMENT ISD","'11","REGION 11: FORT WORTH","'220","TARRANT","N","N"
"'221801","TEXAS COLLEGE PREPARATORY ACADEMIES","'14","REGION 14: ABILENE","'221","TAYLOR","Y","N"
"'221901","ABILENE ISD","'14","REGION 14: ABILENE","'221","TAYLOR","N","N"
"'221904","MERKEL ISD","'14","REGION 14: ABILENE","'221","TAYLOR","N","N"
"'221905","TRENT ISD","'14","REGION 14: ABILENE","'221","TAYLOR","N","N"
"'221911","JIM NED CISD","'14","REGION 14: ABILENE","'221","TAYLOR","N","N"
"'221912","WYLIE ISD","'14","REGION 14: ABILENE","'221","TAYLOR","N","N"
"'222901","TERRELL COUNTY ISD","'18","REGION 18: MIDLAND","'222","TERRELL","N","N"
"'223901","BROWNFIELD ISD","'17","REGION 17: LUBBOCK","'223","TERRY","N","N"
"'223902","MEADOW ISD","'17","REGION 17: LUBBOCK","'223","TERRY","N","N"
"'223904","WELLMAN-UNION CISD","'17","REGION 17: LUBBOCK","'223","TERRY","N","N"
"'224901","THROCKMORTON COLLEGIATE ISD","'09","REGION 09: WICHITA FALLS","'224","THROCKMORTON","N","N"
"'224902","WOODSON ISD","'09","REGION 09: WICHITA FALLS","'224","THROCKMORTON","N","N"
"'225902","MOUNT PLEASANT ISD","'08","REGION 08: MT PLEASANT","'225","TITUS","N","N"
"'225906","CHAPEL HILL ISD","'08","REGION 08: MT PLEASANT","'225","TITUS","N","N"
"'225907","HARTS BLUFF ISD","'08","REGION 08: MT PLEASANT","'225","TITUS","N","N"
"'226801","TEXAS LEADERSHIP PUBLIC SCHOOLS","'15","REGION 15: SAN ANGELO","'226","TOM GREEN","Y","N"
"'226901","CHRISTOVAL ISD","'15","REGION 15: SAN ANGELO","'226","TOM GREEN","N","N"
"'226903","SAN ANGELO ISD","'15","REGION 15: SAN ANGELO","'226","TOM GREEN","N","N"
"'226905","WATER VALLEY ISD","'15","REGION 15: SAN ANGELO","'226","TOM GREEN","N","N"
"'226906","WALL ISD","'15","REGION 15: SAN ANGELO","'226","TOM GREEN","N","N"
"'226907","GRAPE CREEK ISD","'15","REGION 15: SAN ANGELO","'226","TOM GREEN","N","N"
"'226908","VERIBEST ISD","'15","REGION 15: SAN ANGELO","'226","TOM GREEN","N","N"
"'227506","UNIVERSITY OF TEXAS AT AUSTIN H S","'13","REGION 13: AUSTIN","'227","TRAVIS","N","N"
"'227803","WAYSIDE SCHOOLS","'13","REGION 13: AUSTIN","'227","TRAVIS","Y","N"
"'227804","NYOS CHARTER SCHOOL","'13","REGION 13: AUSTIN","'227","TRAVIS","Y","N"
"'227805","TEXAS EMPOWERMENT ACADEMY","'13","REGION 13: AUSTIN","'227","TRAVIS","Y","N"
"'227806","UNIVERSITY OF TEXAS UNIVERSITY CHARTER SCHOOL","'13","REGION 13: AUSTIN","'227","TRAVIS","Y","Y"
"'227814","CHAPARRAL STAR ACADEMY","'13","REGION 13: AUSTIN","'227","TRAVIS","Y","N"
"'227816","HARMONY PUBLIC SCHOOLS - CENTRAL TEXAS","'13","REGION 13: AUSTIN","'227","TRAVIS","Y","N"
"'227817","CEDARS INTERNATIONAL ACADEMY","'13","REGION 13: AUSTIN","'227","TRAVIS","Y","N"
"'227819","UNIVERSITY OF TEXAS ELEMENTARY CHARTER SCHOOL","'13","REGION 13: AUSTIN","'227","TRAVIS","Y","N"
"'227820","KIPP TEXAS PUBLIC SCHOOLS","'04","REGION 04: HOUSTON","'227","TRAVIS","Y","N"
"'227821","AUSTIN DISCOVERY SCHOOL","'13","REGION 13: AUSTIN","'227","TRAVIS","Y","N"
"'227824","VALERE PUBLIC SCHOOLS","'13","REGION 13: AUSTIN","'227","TRAVIS","Y","N"
"'227825","AUSTIN ACHIEVE PUBLIC SCHOOLS","'13","REGION 13: AUSTIN","'227","TRAVIS","Y","N"
"'227826","MONTESSORI FOR ALL","'13","REGION 13: AUSTIN","'227","TRAVIS","Y","N"
"'227827","THE EXCEL CENTER (FOR ADULTS)","'13","REGION 13: AUSTIN","'227","TRAVIS","Y","Y"
"'227829","VALOR PUBLIC SCHOOLS","'13","REGION 13: AUSTIN","'227","TRAVIS","Y","N"
"'227901","AUSTIN ISD","'13","REGION 13: AUSTIN","'227","TRAVIS","N","N"
"'227904","PFLUGERVILLE ISD","'13","REGION 13: AUSTIN","'227","TRAVIS","N","N"
"'227907","MANOR ISD","'13","REGION 13: AUSTIN","'227","TRAVIS","N","N"
"'227909","EANES ISD","'13","REGION 13: AUSTIN","'227","TRAVIS","N","N"
"'227910","DEL VALLE ISD","'13","REGION 13: AUSTIN","'227","TRAVIS","N","N"
"'227912","LAGO VISTA ISD","'13","REGION 13: AUSTIN","'227","TRAVIS","N","N"
"'227913","LAKE TRAVIS ISD","'13","REGION 13: AUSTIN","'227","TRAVIS","N","N"
"'228901","GROVETON ISD","'06","REGION 06: HUNTSVILLE","'228","TRINITY","N","N"
"'228903","TRINITY ISD","'06","REGION 06: HUNTSVILLE","'228","TRINITY","N","N"
"'228904","CENTERVILLE ISD","'06","REGION 06: HUNTSVILLE","'228","TRINITY","N","N"
"'228905","APPLE SPRINGS ISD","'06","REGION 06: HUNTSVILLE","'228","TRINITY","N","N"
"'229901","COLMESNEIL ISD","'05","REGION 05: BEAUMONT","'229","TYLER","N","N"
"'229903","WOODVILLE ISD","'05","REGION 05: BEAUMONT","'229","TYLER","N","N"
"'229904","WARREN ISD","'05","REGION 05: BEAUMONT","'229","TYLER","N","N"
"'229905","SPURGER ISD","'05","REGION 05: BEAUMONT","'229","TYLER","N","N"
"'229906","CHESTER ISD","'05","REGION 05: BEAUMONT","'229","TYLER","N","N"
"'230901","BIG SANDY ISD","'07","REGION 07: KILGORE","'230","UPSHUR","N","N"
"'230902","GILMER ISD","'07","REGION 07: KILGORE","'230","UPSHUR","N","N"
"'230903","ORE CITY ISD","'07","REGION 07: KILGORE","'230","UPSHUR","N","N"
"'230904","UNION HILL ISD","'07","REGION 07: KILGORE","'230","UPSHUR","N","N"
"'230905","HARMONY ISD","'07","REGION 07: KILGORE","'230","UPSHUR","N","N"
"'230906","NEW DIANA ISD","'07","REGION 07: KILGORE","'230","UPSHUR","N","N"
"'230908","UNION GROVE ISD","'07","REGION 07: KILGORE","'230","UPSHUR","N","N"
"'231901","MCCAMEY ISD","'18","REGION 18: MIDLAND","'231","UPTON","N","N"
"'231902","RANKIN ISD","'18","REGION 18: MIDLAND","'231","UPTON","N","N"
"'232901","KNIPPA ISD","'20","REGION 20: SAN ANTONIO","'232","UVALDE","N","N"
"'232902","SABINAL ISD","'20","REGION 20: SAN ANTONIO","'232","UVALDE","N","N"
"'232903","UVALDE CISD","'20","REGION 20: SAN ANTONIO","'232","UVALDE","N","N"
"'232904","UTOPIA ISD","'20","REGION 20: SAN ANTONIO","'232","UVALDE","N","N"
"'233901","SAN FELIPE-DEL RIO CISD","'15","REGION 15: SAN ANGELO","'233","VAL VERDE","N","N"
"'233903","COMSTOCK ISD","'15","REGION 15: SAN ANGELO","'233","VAL VERDE","N","N"
"'234801","RANCH ACADEMY","'07","REGION 07: KILGORE","'234","VAN ZANDT","Y","Y"
"'234902","CANTON ISD","'10","REGION 10: RICHARDSON","'234","VAN ZANDT","N","N"
"'234903","EDGEWOOD ISD","'07","REGION 07: KILGORE","'234","VAN ZANDT","N","N"
"'234904","GRAND SALINE ISD","'07","REGION 07: KILGORE","'234","VAN ZANDT","N","N"
"'234905","MARTINS MILL ISD","'07","REGION 07: KILGORE","'234","VAN ZANDT","N","N"
"'234906","VAN ISD","'07","REGION 07: KILGORE","'234","VAN ZANDT","N","N"
"'234907","WILLS POINT ISD","'10","REGION 10: RICHARDSON","'234","VAN ZANDT","N","N"
"'234909","FRUITVALE ISD","'07","REGION 07: KILGORE","'234","VAN ZANDT","N","N"
"'235901","BLOOMINGTON ISD","'03","REGION 03: VICTORIA","'235","VICTORIA","N","N"
"'235902","VICTORIA ISD","'03","REGION 03: VICTORIA","'235","VICTORIA","N","N"
"'235904","NURSERY ISD","'03","REGION 03: VICTORIA","'235","VICTORIA","N","N"
"'236801","RAVEN SCHOOL","'06","REGION 06: HUNTSVILLE","'236","WALKER","Y","Y"
"'236802","SAM HOUSTON STATE UNIVERSITY CHARTER SCHOOL","'06","REGION 06: HUNTSVILLE","'236","WALKER","Y","N"
"'236901","NEW WAVERLY ISD","'06","REGION 06: HUNTSVILLE","'236","WALKER","N","N"
"'236902","HUNTSVILLE ISD","'06","REGION 06: HUNTSVILLE","'236","WALKER","N","N"
"'237902","HEMPSTEAD ISD","'04","REGION 04: HOUSTON","'237","WALLER","N","N"
"'237904","WALLER ISD","'04","REGION 04: HOUSTON","'237","WALLER","N","N"
"'237905","ROYAL ISD","'04","REGION 04: HOUSTON","'237","WALLER","N","N"
"'238902","MONAHANS-WICKETT-PYOTE ISD","'18","REGION 18: MIDLAND","'238","WARD","N","N"
"'238904","GRANDFALLS-ROYALTY ISD","'18","REGION 18: MIDLAND","'238","WARD","N","N"
"'239901","BRENHAM ISD","'06","REGION 06: HUNTSVILLE","'239","WASHINGTON","N","N"
"'239903","BURTON ISD","'06","REGION 06: HUNTSVILLE","'239","WASHINGTON","N","N"
"'240801","TRIUMPH PUBLIC HIGH SCHOOLS-LAREDO","'01","REGION 01: EDINBURG","'240","WEBB","Y","Y"
"'240901","LAREDO ISD","'01","REGION 01: EDINBURG","'240","WEBB","N","N"
"'240903","UNITED ISD","'01","REGION 01: EDINBURG","'240","WEBB","N","N"
"'240904","WEBB CISD","'01","REGION 01: EDINBURG","'240","WEBB","N","N"
"'241901","BOLING ISD","'03","REGION 03: VICTORIA","'241","WHARTON","N","N"
"'241902","EAST BERNARD ISD","'03","REGION 03: VICTORIA","'241","WHARTON","N","N"
"'241903","EL CAMPO ISD","'03","REGION 03: VICTORIA","'241","WHARTON","N","N"
"'241904","WHARTON ISD","'03","REGION 03: VICTORIA","'241","WHARTON","N","N"
"'241906","LOUISE ISD","'03","REGION 03: VICTORIA","'241","WHARTON","N","N"
"'242902","SHAMROCK ISD","'16","REGION 16: AMARILLO","'242","WHEELER","N","N"
"'242903","WHEELER ISD","'16","REGION 16: AMARILLO","'242","WHEELER","N","N"
"'242905","KELTON ISD","'16","REGION 16: AMARILLO","'242","WHEELER","N","N"
"'242906","FORT ELLIOTT CISD","'16","REGION 16: AMARILLO","'242","WHEELER","N","N"
"'243901","BURKBURNETT ISD","'09","REGION 09: WICHITA FALLS","'243","WICHITA","N","N"
"'243902","ELECTRA ISD","'09","REGION 09: WICHITA FALLS","'243","WICHITA","N","N"
"'243903","IOWA PARK CISD","'09","REGION 09: WICHITA FALLS","'243","WICHITA","N","N"
"'243905","WICHITA FALLS ISD","'09","REGION 09: WICHITA FALLS","'243","WICHITA","N","N"
"'243906","CITY VIEW ISD","'09","REGION 09: WICHITA FALLS","'243","WICHITA","N","N"
"'244901","HARROLD ISD","'09","REGION 09: WICHITA FALLS","'244","WILBARGER","N","N"
"'244903","VERNON ISD","'09","REGION 09: WICHITA FALLS","'244","WILBARGER","N","N"
"'244905","NORTHSIDE ISD","'09","REGION 09: WICHITA FALLS","'244","WILBARGER","N","N"
"'245901","LASARA ISD","'01","REGION 01: EDINBURG","'245","WILLACY","N","N"
"'245902","LYFORD CISD","'01","REGION 01: EDINBURG","'245","WILLACY","N","N"
"'245903","RAYMONDVILLE ISD","'01","REGION 01: EDINBURG","'245","WILLACY","N","N"
"'245904","SAN PERLITA ISD","'01","REGION 01: EDINBURG","'245","WILLACY","N","N"
"'246801","MERIDIAN WORLD SCHOOL LLC","'13","REGION 13: AUSTIN","'246","WILLIAMSON","Y","N"
"'246802","GOODWATER MONTESSORI SCHOOL","'13","REGION 13: AUSTIN","'246","WILLIAMSON","Y","N"
"'246902","FLORENCE ISD","'13","REGION 13: AUSTIN","'246","WILLIAMSON","N","N"
"'246904","GEORGETOWN ISD","'13","REGION 13: AUSTIN","'246","WILLIAMSON","N","N"
"'246905","GRANGER ISD","'13","REGION 13: AUSTIN","'246","WILLIAMSON","N","N"
"'246906","HUTTO ISD","'13","REGION 13: AUSTIN","'246","WILLIAMSON","N","N"
"'246907","JARRELL ISD","'13","REGION 13: AUSTIN","'246","WILLIAMSON","N","N"
"'246908","LIBERTY HILL ISD","'13","REGION 13: AUSTIN","'246","WILLIAMSON","N","N"
"'246909","ROUND ROCK ISD","'13","REGION 13: AUSTIN","'246","WILLIAMSON","N","N"
"'246911","TAYLOR ISD","'13","REGION 13: AUSTIN","'246","WILLIAMSON","N","N"
"'246912","THRALL ISD","'13","REGION 13: AUSTIN","'246","WILLIAMSON","N","N"
"'246913","LEANDER ISD","'13","REGION 13: AUSTIN","'246","WILLIAMSON","N","N"
"'246914","COUPLAND ISD","'13","REGION 13: AUSTIN","'246","WILLIAMSON","N","N"
"'247901","FLORESVILLE ISD","'20","REGION 20: SAN ANTONIO","'247","WILSON","N","N"
"'247903","LA VERNIA ISD","'20","REGION 20: SAN ANTONIO","'247","WILSON","N","N"
"'247904","POTH ISD","'20","REGION 20: SAN ANTONIO","'247","WILSON","N","N"
"'247906","STOCKDALE ISD","'20","REGION 20: SAN ANTONIO","'247","WILSON","N","N"
"'248901","KERMIT ISD","'18","REGION 18: MIDLAND","'248","WINKLER","N","N"
"'248902","WINK-LOVING ISD","'18","REGION 18: MIDLAND","'248","WINKLER","N","N"
"'249901","ALVORD ISD","'11","REGION 11: FORT WORTH","'249","WISE","N","N"
"'249902","BOYD ISD","'11","REGION 11: FORT WORTH","'249","WISE","N","N"
"'249903","BRIDGEPORT ISD","'11","REGION 11: FORT WORTH","'249","WISE","N","N"
"'249904","CHICO ISD","'11","REGION 11: FORT WORTH","'249","WISE","N","N"
"'249905","DECATUR ISD","'11","REGION 11: FORT WORTH","'249","WISE","N","N"
"'249906","PARADISE ISD","'11","REGION 11: FORT WORTH","'249","WISE","N","N"
"'249908","SLIDELL ISD","'11","REGION 11: FORT WORTH","'249","WISE","N","N"
"'250902","HAWKINS ISD","'07","REGION 07: KILGORE","'250","WOOD","N","N"
"'250903","MINEOLA ISD","'07","REGION 07: KILGORE","'250","WOOD","N","N"
"'250904","QUITMAN ISD","'07","REGION 07: KILGORE","'250","WOOD","N","N"
"'250905","YANTIS ISD","'07","REGION 07: KILGORE","'250","WOOD","N","N"
"'250906","ALBA-GOLDEN ISD","'07","REGION 07: KILGORE","'250","WOOD","N","N"
"'250907","WINNSBORO ISD","'07","REGION 07: KILGORE","'250","WOOD","N","N"
"'251901","DENVER CITY ISD","'17","REGION 17: LUBBOCK","'251","YOAKUM","N","N"
"'251902","PLAINS ISD","'17","REGION 17: LUBBOCK","'251","YOAKUM","N","N"
"'252901","GRAHAM ISD","'09","REGION 09: WICHITA FALLS","'252","YOUNG","N","N"
"'252902","NEWCASTLE ISD","'09","REGION 09: WICHITA FALLS","'252","YOUNG","N","N"
"'252903","OLNEY ISD","'09","REGION 09: WICHITA FALLS","'252","YOUNG","N","N"
"'253901","ZAPATA COUNTY ISD","'01","REGION 01: EDINBURG","'253","ZAPATA","N","N"
"'254901","CRYSTAL CITY ISD","'20","REGION 20: SAN ANTONIO","'254","ZAVALA","N","N"
"'254902","LA PRYOR ISD","'20","REGION 20: SAN ANTONIO","'254","ZAVALA","N","N"
